timestamp,open,high,low,close,volume
2020-12-16,355.3800,369.5600,354.7000,369.5000,1073249
2020-12-15,356.2900,366.3900,350.5400,353.0800,1127499
2020-12-14,352.3500,357.4050,349.6850,352.5200,590987
2020-12-11,348.3500,355.9800,345.3100,355.0000,686920
2020-12-10,336.5000,347.9400,333.6900,346.3800,606210
2020-12-09,345.8200,348.4400,336.7300,338.9800,854040
2020-12-08,346.7700,350.2900,343.0700,347.4300,534299
2020-12-07,334.8500,348.7340,334.4500,346.7700,996074
2020-12-04,337.0000,338.0000,327.2600,332.8000,870480
2020-12-03,330.0000,339.9900,326.0500,337.2100,1164509
2020-12-02,310.0000,329.9500,305.9400,329.1800,2278114
2020-12-01,298.2200,306.2300,292.4400,305.8500,978718
2020-11-30,296.0000,299.6500,286.8500,297.0500,1205599
2020-11-27,289.9600,296.4000,288.4600,292.7400,447081
2020-11-25,283.2500,290.6300,280.7300,288.7000,869887
2020-11-24,288.3100,288.9750,280.0900,282.8200,954089
2020-11-23,294.4700,296.7152,285.0950,288.2400,1200944
2020-11-20,297.9700,303.7400,293.7700,294.4700,925103
2020-11-19,287.5800,302.4600,285.3300,296.9000,1153642
2020-11-18,297.2000,297.7700,285.6300,288.1700,710813
2020-11-17,295.8600,298.7500,291.1110,294.5700,614823
2020-11-16,293.0000,301.1500,290.5000,294.9800,682976
2020-11-13,302.3100,309.1299,294.1900,297.0800,1341324
2020-11-12,285.7300,305.6700,284.7100,304.6500,2047988
2020-11-11,276.8300,286.0000,271.6200,284.2100,1436564
2020-11-10,270.1700,284.1400,247.6500,277.0100,3893807
2020-11-09,286.2300,288.0000,264.4000,267.0100,2329252
2020-11-06,288.0000,295.6500,280.7700,294.3400,856131
2020-11-05,280.8300,287.3500,275.5300,287.0300,962802
2020-11-04,267.4400,275.6500,266.3000,271.4000,1414524
2020-11-03,258.3800,261.6500,255.1400,257.0100,703716
2020-11-02,260.6800,264.3247,250.7300,257.5500,959306
2020-10-30,265.0000,267.3100,252.2300,258.3400,1454171
2020-10-29,271.9900,276.2100,265.4300,266.0600,688040
2020-10-28,282.9900,283.1700,268.2100,268.2100,973915
2020-10-27,287.8900,289.3600,283.7800,286.0200,697721
2020-10-26,284.0300,287.9200,275.2500,283.3000,578527
2020-10-23,284.0900,293.2500,281.1100,284.7500,636767
2020-10-22,291.9700,294.3150,280.5300,283.4200,504205
2020-10-21,294.0000,300.9900,288.8500,291.8000,818244
2020-10-20,284.0900,298.7600,284.0900,294.7400,1123072
2020-10-19,281.7900,288.3400,281.3400,282.8700,717618
2020-10-16,278.9800,283.5799,276.8600,279.9500,934679
2020-10-15,272.7700,276.4600,266.7750,276.3600,1235228
2020-10-14,288.5700,288.5700,273.9700,277.8700,1125679
2020-10-13,288.6200,291.3600,281.6500,282.5000,867437
2020-10-12,290.0000,292.0500,283.5500,286.3500,622846
2020-10-09,284.2500,291.6647,283.0000,287.4100,625802
2020-10-08,289.4000,291.0000,278.8300,281.3300,617119
2020-10-07,283.4900,292.9200,282.9500,289.4000,776194
2020-10-06,277.0000,286.7600,275.9600,281.0200,667769
2020-10-05,274.6400,276.9400,269.0000,274.7500,857133
2020-10-02,276.3200,288.7000,272.5000,275.1100,826250
2020-10-01,276.0000,280.8600,270.5400,280.4800,652986
2020-09-30,268.0700,275.8900,266.1900,274.6100,605254
2020-09-29,270.6900,272.6250,266.6200,270.7600,708298
2020-09-28,272.4000,273.4050,264.2500,267.8000,359244
2020-09-25,260.8000,270.4300,258.2200,269.5400,537544
2020-09-24,258.9200,262.0600,253.7100,259.3400,521204
2020-09-23,269.0800,272.3400,259.8300,261.3600,535327
2020-09-22,267.4100,269.4100,260.2500,268.8200,708011
2020-09-21,253.7400,267.8700,252.1300,267.4000,1132322
2020-09-18,252.1600,259.5299,248.8325,257.8600,1534470
2020-09-17,251.0000,253.8500,229.0000,251.8600,2996054
2020-09-16,256.0800,261.2500,252.4900,256.4600,984861
2020-09-15,265.0400,265.3600,251.2795,254.4300,1726202
2020-09-14,257.9600,265.3350,253.8800,262.0600,822444
2020-09-11,273.4400,274.9900,251.2101,254.7400,2439698
2020-09-10,261.0000,280.0000,259.6670,278.0500,3282777
2020-09-09,267.6400,267.6400,257.1050,259.2600,796512
2020-09-08,258.9600,266.7900,255.4443,260.2900,792435
2020-09-04,276.0100,277.0550,251.1000,266.4500,1389294
2020-09-03,288.9100,291.7150,272.4900,279.7200,1296812
2020-09-02,310.0000,310.0000,293.6800,301.3500,812374
2020-09-01,296.5600,317.8393,295.7300,310.2000,1072282
2020-08-31,294.4400,296.4800,288.1400,290.7700,546488
2020-08-28,288.0000,298.8450,287.0450,293.3600,602042
2020-08-27,290.0000,293.0000,284.8000,285.7000,652372
2020-08-26,286.8200,294.0650,286.1300,290.7600,729092
2020-08-25,281.2000,285.3150,277.6600,284.0300,524689
2020-08-24,292.4000,295.9700,278.3500,285.0800,806164
2020-08-21,290.3800,297.5300,287.7300,291.5700,1020735
2020-08-20,287.4900,292.0000,285.9000,290.3800,523791
2020-08-19,292.0000,292.5800,284.0249,288.4800,444941
2020-08-18,294.5800,295.0000,288.6800,290.8400,540818
2020-08-17,287.5600,293.9000,284.7100,292.3500,592859
2020-08-14,287.0000,288.9800,281.7100,284.4200,347337
2020-08-13,280.3000,291.3316,280.3000,286.9700,603063
2020-08-12,281.8500,285.8200,275.8900,279.1600,957095
2020-08-11,266.9000,288.4600,264.0000,283.9500,2258445
2020-08-10,270.8100,271.2800,254.6500,265.4200,1944526
2020-08-07,285.0000,285.0200,260.1600,269.0000,1491832
2020-08-06,292.3800,293.0000,280.2850,287.2900,701802
2020-08-05,292.9600,297.8500,288.2300,290.9400,1203048
2020-08-04,300.0100,302.0000,289.2000,295.8900,2550896
2020-08-03,292.3800,306.4600,290.0000,305.3600,1797463
2020-07-31,287.7100,291.1100,282.0149,290.2700,1073809
2020-07-30,281.5300,287.0000,279.0200,281.4900,536292
2020-07-29,280.3600,288.0000,278.8700,283.3400,805193
2020-07-28,277.6800,280.7400,273.8100,275.8000,477281
2020-07-27,272.0800,279.7440,270.4300,277.8200,603302
2020-07-24,268.0900,275.1500,263.0900,268.2500,674916
2020-07-23,282.4500,291.6699,270.1350,275.3800,1312516
2020-07-22,286.1400,290.8900,280.4000,281.8300,857884
2020-07-21,278.1900,287.8700,271.0400,285.8800,1770717
2020-07-20,258.5000,275.3100,258.5000,274.6000,937469
2020-07-17,258.4400,260.0000,250.6300,258.0500,903200
2020-07-16,256.2100,257.0000,248.0500,251.3700,893200
2020-07-15,261.1800,263.0000,249.8500,257.2100,1461400
2020-07-14,260.0000,266.2700,249.1600,262.5800,1265000
2020-07-13,286.0000,286.6200,258.8900,260.2200,1785500
2020-07-10,296.4500,299.7400,282.1100,284.5000,1274000
2020-07-09,296.5000,299.2600,288.8600,295.6400,883700
2020-07-08,288.9300,297.4800,288.9300,294.3200,966000
2020-07-07,290.7900,295.1800,286.1000,286.7300,804100
2020-07-06,290.5400,298.9200,284.1800,290.7900,1134400
2020-07-02,290.0000,294.9800,285.7500,287.6300,873600
2020-07-01,284.0000,295.1900,280.5800,290.3100,813400
2020-06-30,274.0000,287.6500,273.0200,285.0100,1204600
2020-06-29,288.0300,288.8100,267.6700,270.9600,2019700
2020-06-26,283.8100,296.3900,277.0800,289.2900,2832622
2020-06-25,269.2400,279.7500,265.2079,279.4800,794015
2020-06-24,281.0100,287.5400,260.5900,267.5800,1570226
2020-06-23,288.9800,288.9800,276.9400,278.4800,1085903
2020-06-22,280.0800,289.8600,279.1500,287.6700,1365226
2020-06-19,285.5000,287.7100,275.3000,276.1700,1433332
2020-06-18,273.0000,285.0000,273.0000,284.9400,1364831
2020-06-17,280.0000,285.7200,269.8400,272.5700,1243966
2020-06-16,273.2600,281.6300,266.7500,277.4100,996957
2020-06-15,261.0000,271.2600,259.2200,270.2500,921355
2020-06-12,261.7300,269.2000,257.2000,261.8800,710496
2020-06-11,270.0000,273.8000,256.5900,257.1700,947534
2020-06-10,262.0600,276.0300,261.7500,274.9600,1176402
2020-06-09,264.9900,269.3000,258.0200,258.4300,596330
2020-06-08,252.0000,261.7400,246.8200,261.1900,993386
2020-06-05,252.6400,253.3800,245.6600,252.8800,1170330
2020-06-04,270.0000,272.8700,251.0000,254.0600,1139951
2020-06-03,274.0000,278.4600,269.0300,270.9300,700810
2020-06-02,280.0000,281.0000,267.1300,273.9600,881544
2020-06-01,275.6500,284.5550,275.6500,279.3600,1056076
2020-05-29,262.0000,274.3700,261.9000,274.2500,1041758
2020-05-28,253.0000,267.7999,252.5000,259.5100,855276
2020-05-27,249.9800,252.1000,235.0000,251.9700,1478647
2020-05-26,262.6700,264.0000,249.5500,251.1000,1134260
2020-05-22,261.8900,263.2500,255.4800,261.5300,614532
2020-05-21,264.3600,264.9699,253.6260,260.5500,950673
2020-05-20,267.0600,270.6300,260.0310,264.3600,772214
2020-05-19,271.0000,273.3350,263.1000,263.1800,1548088
2020-05-18,281.5600,292.4800,263.0000,263.0600,1636382
2020-05-15,271.7300,290.5000,270.2000,285.8500,1291894
2020-05-14,280.6100,282.9400,270.5700,271.5500,1622421
2020-05-13,278.8000,288.9200,271.3900,283.0000,2415181
2020-05-12,276.0000,283.2300,269.9400,278.8000,1340942
2020-05-11,262.0000,276.6100,261.3600,275.0300,1284851
2020-05-08,260.9600,269.0000,257.2000,266.7300,979182
2020-05-07,251.3500,263.5150,246.0106,259.7000,2138464
2020-05-06,240.0400,248.4700,238.5100,245.0400,1217961
2020-05-05,233.0000,239.0000,228.1723,234.1700,969541
2020-05-04,217.0700,235.9800,216.1000,233.9900,1112228
2020-05-01,225.7400,227.0700,216.9100,218.1000,848732
2020-04-30,225.0400,231.1400,224.2769,228.5300,886335
2020-04-29,221.3200,227.4600,215.0500,225.2800,1242281
2020-04-28,235.0500,236.0900,222.0800,223.3900,1046801
2020-04-27,241.5400,246.3000,233.0900,233.4500,877462
2020-04-24,243.6400,247.5000,238.0100,238.7300,720151
2020-04-23,243.2500,249.9000,238.0100,238.9100,704770
2020-04-22,240.2200,247.7600,238.4300,244.1600,695428
2020-04-21,251.0500,255.9450,230.3500,234.5800,1623462
2020-04-20,236.2700,254.9400,235.0000,253.1100,1979463
2020-04-17,231.9100,237.0000,224.3700,236.5100,923628
2020-04-16,238.7200,244.4665,232.7200,232.9700,1132799
2020-04-15,218.4200,232.5800,213.8800,231.4400,1169978
2020-04-14,218.9900,229.8399,217.0306,222.0300,1174083
2020-04-13,206.4100,213.2050,202.5900,210.9800,920978
2020-04-09,219.8700,221.8000,200.3000,205.1400,1902898
2020-04-08,200.6900,223.4899,196.4500,217.5200,2164309
2020-04-07,225.0000,225.0000,194.9900,194.9900,2937172
2020-04-06,226.5300,228.0000,213.5257,223.1000,1657043
2020-04-03,219.0000,227.9800,216.0464,223.7600,1760175
2020-04-02,210.6700,223.4100,205.0800,220.0300,2616219
2020-04-01,204.3400,222.6599,203.0000,210.6700,1204139
2020-03-31,225.4300,227.9900,208.1100,211.9100,1794760
2020-03-30,241.7200,256.6000,223.1900,228.0300,2669664
2020-03-27,214.4000,252.8500,207.5300,238.9700,2870243
2020-03-26,194.5100,218.8800,191.1400,217.8000,1761689
2020-03-25,207.4300,210.8200,183.7600,190.3600,1550923
2020-03-24,198.7100,212.6700,197.8200,205.0800,1523686
2020-03-23,184.4900,193.9900,174.1500,191.5900,1892715
2020-03-20,190.4800,201.6900,178.8500,183.8600,2833049
2020-03-19,165.0000,190.5400,164.1800,184.2300,2011581
2020-03-18,152.2900,165.0000,144.0200,164.6200,1762463
2020-03-17,141.0000,165.6250,134.8500,163.2500,2903015
2020-03-16,156.0300,165.9600,136.5100,138.9600,2265144
2020-03-13,188.9500,194.3000,163.5900,174.6000,2218041
2020-03-12,186.4000,192.7100,179.5400,179.8100,1629319
2020-03-11,209.0500,213.3400,187.5600,199.3400,1899520
2020-03-10,211.6600,214.5500,204.2300,213.8700,1516241
2020-03-09,204.0000,213.2650,195.5800,209.4800,1746812
2020-03-06,223.6900,227.2100,209.3800,216.6400,1833807
2020-03-05,231.2300,234.9450,224.4100,225.5200,1266201
2020-03-04,230.9000,232.8400,226.9100,232.8400,980115
2020-03-03,240.5000,243.8780,223.6700,225.9000,2158099
2020-03-02,237.6300,240.5600,228.8050,239.8900,1644410
2020-02-28,228.9100,238.4200,222.5200,235.7500,2928457
2020-02-27,228.2500,247.8700,228.0000,235.7300,4026007
2020-02-26,234.6000,241.5053,232.5100,234.9300,793038
2020-02-25,236.3200,237.0700,229.3600,235.3100,949992
2020-02-24,225.5100,235.6000,225.1100,234.1500,1418942
2020-02-21,242.8700,242.8700,232.3500,235.9100,1095453
2020-02-20,247.8500,249.7400,235.2100,243.7600,1264519
2020-02-19,247.0300,252.2000,247.0300,248.7900,1063828
2020-02-18,242.3000,246.2800,242.3000,245.7300,898332
2020-02-14,243.7900,246.4614,239.7100,242.3900,1182172
2020-02-13,234.0300,244.6300,234.0100,242.8500,1665085
2020-02-12,228.0000,236.5900,224.8600,235.1500,1967706
2020-02-11,228.4000,233.8119,222.1600,227.0200,3535136
2020-02-10,207.4700,213.5500,206.8000,212.6100,1751323
2020-02-07,205.2800,210.1300,203.5900,207.4700,1095723
2020-02-06,205.5500,207.5200,203.2600,205.1600,765352
2020-02-05,210.5700,211.7700,202.1100,206.2600,873871
2020-02-04,207.6800,211.3100,207.2700,209.1500,964877
2020-02-03,206.9500,208.1060,197.7500,205.7600,1138261
2020-01-31,204.9000,206.6200,202.0300,205.5800,1034665
2020-01-30,202.9200,206.0900,202.2106,206.0300,748084
2020-01-29,201.5100,204.1400,200.4400,203.2300,779014
2020-01-28,196.8100,202.3000,195.7500,200.6200,979356
2020-01-27,192.3400,196.8500,190.5700,195.1500,602599
2020-01-24,199.4500,201.6100,195.1550,197.3400,763008
2020-01-23,195.5100,198.6200,193.5000,197.6500,558605
2020-01-22,197.5100,200.2700,194.9400,195.1200,713163
2020-01-21,196.7400,200.0000,195.1126,196.2600,1077542
2020-01-17,191.3800,193.1800,188.9000,192.8900,619969
2020-01-16,190.0000,192.6000,189.2000,190.8300,925989
2020-01-15,185.5400,190.9300,185.5400,189.7100,836817
2020-01-14,186.2900,188.8500,184.0000,185.7900,820785
2020-01-13,184.0500,187.6200,183.7000,186.6900,1207801
2020-01-10,185.0000,185.8799,182.4300,183.4800,569388
2020-01-09,182.2900,186.7900,182.0000,184.3700,1147261
2020-01-08,176.5500,183.0000,176.2300,180.8900,849094
2020-01-07,176.6900,180.4000,175.4200,176.7300,1224085
2020-01-06,170.2000,177.9800,170.0000,177.0500,1650217
2020-01-03,170.6500,173.1200,169.5900,170.5000,536149
2020-01-02,170.0000,173.5900,169.9500,173.1900,2557429
2019-12-31,166.2800,169.2300,165.4400,168.6700,564317
2019-12-30,168.6400,168.9850,164.1000,166.7800,658941
2019-12-27,169.5000,169.5000,167.7180,168.9700,459962
2019-12-26,169.0000,169.5000,167.1000,168.5300,566039
2019-12-24,168.9400,169.3900,167.6100,168.5600,203625
2019-12-23,169.0000,169.9939,168.2300,168.8700,523987
2019-12-20,168.0400,169.7000,167.8300,169.3200,1553823
2019-12-19,166.3500,168.1200,165.4100,167.4900,980691
2019-12-18,166.3200,169.5840,165.9100,167.2200,2066442
2019-12-17,166.6300,166.7400,164.1450,165.7600,856731
2019-12-16,164.5000,167.3100,163.1701,165.6700,999036
2019-12-13,159.9600,164.1300,159.2500,163.7500,817491
2019-12-12,161.9600,163.3656,159.9400,160.7500,560606
2019-12-11,165.5700,166.5600,157.2700,162.3700,927970
2019-12-10,167.0000,167.2200,164.1700,165.5600,1033863
2019-12-09,167.7500,168.8400,165.3950,165.8200,700644
2019-12-06,164.8500,167.4100,162.6200,166.1700,1031713
2019-12-05,164.8400,166.5800,164.1700,164.9100,983725
2019-12-04,168.8700,168.8700,164.4100,164.9500,850236
2019-12-03,161.5000,168.0000,160.7500,167.1000,978842
2019-12-02,172.1000,172.9200,161.6506,165.4800,1438800
2019-11-29,171.9200,173.3900,170.2400,172.4700,322098
2019-11-27,172.5500,173.5600,169.7500,171.8300,1354264
2019-11-26,170.9900,172.7200,170.6100,172.2800,3407181
2019-11-25,169.4600,172.2100,169.2500,170.3300,779047
2019-11-22,169.8600,170.9500,167.1300,168.8800,749746
2019-11-21,174.5100,175.2998,167.9300,169.7500,704325
2019-11-20,173.0100,176.6651,170.1100,171.4400,1039923
2019-11-19,169.7900,173.5100,168.7600,172.8100,861294
2019-11-18,169.5500,170.7099,168.1900,170.0000,978022
2019-11-15,170.2500,170.7800,167.5800,170.1900,745347
2019-11-14,167.5500,170.0600,165.8500,169.8200,859715
2019-11-13,167.8500,169.0600,165.7450,168.0200,1718960
2019-11-12,169.8300,174.1300,169.8300,172.7100,1203847
2019-11-11,168.7700,172.0996,168.1500,170.2100,953922
2019-11-08,168.7600,172.9900,167.5100,169.8300,1242768
2019-11-07,165.8700,170.5700,165.0800,169.3900,880132
2019-11-06,162.1000,168.1700,161.1600,167.0300,2104343
2019-11-05,171.0000,171.0000,157.2300,161.9600,3451636
2019-11-04,164.0600,164.7300,156.6300,157.6500,1910416
2019-11-01,161.2200,162.7900,159.4500,161.9100,1054116
2019-10-31,162.4700,164.3100,160.0000,161.5200,1110180
2019-10-30,159.2500,164.0000,157.8200,163.7300,726410
2019-10-29,157.3200,161.3500,156.0200,157.8700,1320135
2019-10-28,165.3600,166.1200,158.7400,158.9900,1017439
2019-10-25,153.7500,161.8900,152.7100,160.3600,1051010
2019-10-24,149.9900,158.0900,149.9900,154.7100,1390104
2019-10-23,153.3600,157.3600,148.4300,148.8900,1162757
2019-10-22,161.9100,162.4500,152.0200,153.4000,946142
2019-10-21,162.7400,163.2800,159.0100,160.5000,917094
2019-10-18,169.5000,169.6400,157.8400,161.6700,2076598
2019-10-17,171.8200,172.4800,168.2100,170.1700,689555
2019-10-16,174.3500,174.4400,164.5600,170.9200,1640482
2019-10-15,176.9700,177.9900,173.5500,176.7000,586521
2019-10-14,173.4300,177.2000,172.3000,176.4600,777827
2019-10-11,176.8000,177.5000,172.7600,173.4400,997395
2019-10-10,173.9000,174.9900,172.0000,174.4500,769541
2019-10-09,173.5000,177.0000,172.5800,174.1000,1512408
2019-10-08,171.8000,175.7000,169.7659,171.9400,2403151
2019-10-07,171.1000,177.9900,168.0100,172.7200,6231508
2019-10-04,145.2900,169.5800,145.0100,163.3000,9240604
2019-10-03,121.9900,128.5700,120.0300,127.5400,1062598
2019-10-02,122.2900,123.8400,120.4300,121.5100,727658
2019-10-01,125.4900,125.9750,122.9400,123.5900,774009
2019-09-30,123.9700,126.2600,120.8000,125.6600,607573
2019-09-27,127.5400,127.5400,121.7600,123.8500,760461
2019-09-26,129.0100,129.8600,126.5200,126.7200,525380
2019-09-25,127.0800,128.5400,123.8650,128.0600,575125
2019-09-24,133.7700,134.1850,125.9700,127.2600,1104568
2019-09-23,132.8300,134.3400,132.0400,133.1000,502611
2019-09-20,133.5800,134.6500,131.5300,133.5600,886208
2019-09-19,130.6200,133.7400,130.2800,133.3300,750467
2019-09-18,130.0000,130.9900,127.8700,130.6100,458652
2019-09-17,126.9700,130.8600,126.2600,130.6800,569110
2019-09-16,125.6200,128.2300,125.0000,126.3700,692708
2019-09-13,125.9300,127.3400,123.5000,127.1500,877825
2019-09-12,127.4000,130.9800,126.9700,127.3600,1099396
2019-09-11,123.7500,126.6500,122.5000,124.1200,1021341
2019-09-10,129.7000,130.2400,123.3800,124.0600,1539730
2019-09-09,135.9500,135.9500,125.8500,131.5900,1644108
2019-09-06,140.4500,140.4500,135.1700,135.6100,769478
2019-09-05,141.2800,141.9000,138.1100,140.5100,614992
2019-09-04,142.1200,142.9400,141.0600,141.3600,389445
2019-09-03,140.4500,142.5000,139.7700,140.7900,345532
2019-08-30,143.3800,143.3800,138.9600,141.1300,575244
2019-08-29,142.6000,144.2950,141.8300,142.6000,515661
2019-08-28,141.6200,142.3400,138.7300,141.2900,374482
2019-08-27,144.0500,146.3800,140.6700,142.7600,495304
2019-08-26,142.8500,143.3550,141.0000,143.0900,456202
2019-08-23,142.4500,145.1000,139.8800,141.5000,743854
2019-08-22,140.1600,142.5600,138.2300,142.3100,526081
2019-08-21,137.9400,142.4700,137.1600,139.9400,857136
2019-08-20,138.7000,139.2800,137.4500,137.5600,494927
2019-08-19,141.0000,141.7200,137.4900,138.5700,1236360
2019-08-16,140.7700,142.1500,138.6100,138.6100,528848
2019-08-15,138.6600,140.0000,137.0400,139.2000,535329
2019-08-14,138.2700,138.8600,135.9000,138.0700,462155
2019-08-13,138.0000,141.5300,138.0000,140.9100,787067
2019-08-12,138.8500,140.0000,136.6700,138.3900,463296
2019-08-09,138.9000,140.5050,138.5100,139.8400,417085
2019-08-08,137.3900,140.0600,136.4500,139.7900,785541
2019-08-07,130.4900,136.0400,129.0608,135.3700,881032
2019-08-06,133.2800,135.0000,131.1900,132.6700,783688
2019-08-05,135.5900,135.7900,129.8900,131.3300,1271647
2019-08-02,140.2400,142.1700,138.6000,140.2900,713766
2019-08-01,141.6900,144.4700,139.8200,140.9800,992575
2019-07-31,140.0100,145.2350,139.7250,141.9800,1382023
2019-07-30,137.9800,146.3800,136.6500,140.1100,3485121
2019-07-29,127.3800,128.1800,122.7200,126.1500,1258419
2019-07-26,124.2300,128.0050,124.0800,127.3900,780838
2019-07-25,124.3100,124.5200,122.7500,123.0000,656238
2019-07-24,119.6500,125.2200,119.6500,124.9400,609686
2019-07-23,122.0000,122.0000,119.0100,120.5200,565191
2019-07-22,121.3500,122.3725,120.9100,120.9800,376522
2019-07-19,124.2200,124.9900,120.9900,121.0100,323312
2019-07-18,123.2000,124.8400,122.5500,123.4600,401904
2019-07-17,121.7500,124.9050,121.5800,123.7200,458816
2019-07-16,123.6000,124.7500,121.5900,121.7100,426185
2019-07-15,123.4000,124.2400,122.2000,123.3300,671018
2019-07-12,122.7400,123.9300,121.6600,122.9700,402101
2019-07-11,123.0000,123.3690,120.9100,122.3700,348322
2019-07-10,123.2700,125.9300,122.0500,122.3900,719930
2019-07-09,119.9000,121.9800,119.1500,121.9800,715406
2019-07-08,117.7800,121.2500,117.0200,119.6800,739716
2019-07-05,115.1900,118.6900,114.5000,118.1500,459394
2019-07-03,115.5300,117.3800,114.3900,116.1500,517486
2019-07-02,115.8000,115.8100,113.5200,114.8100,624150
2019-07-01,117.5300,117.7000,115.5101,115.8400,548327
2019-06-28,114.4700,115.4310,112.6800,114.9200,1220717
2019-06-27,111.8900,115.3300,111.7200,114.4500,1161722
2019-06-26,111.7600,114.1000,110.6000,110.9200,623848
2019-06-25,113.3600,114.6700,110.3400,111.1600,1152225
2019-06-24,115.7700,115.7700,112.4100,113.7200,962944
2019-06-21,119.2100,119.2900,114.6750,114.6900,813897
2019-06-20,119.6200,121.6100,119.0601,119.7100,514353
2019-06-19,118.5000,119.2800,115.8800,117.6800,771718
2019-06-18,119.0400,120.2000,117.7900,117.8600,477989
2019-06-17,118.1800,120.4800,116.8800,116.9500,646164
2019-06-14,117.8500,118.3200,115.6300,118.0400,476792
2019-06-13,118.3500,118.8900,115.4800,118.1600,859386
2019-06-12,118.7500,119.1350,116.3550,117.8100,673919
2019-06-11,123.7300,124.8550,117.0100,118.7500,684289
2019-06-10,124.5600,127.0000,122.7350,122.9000,649909
2019-06-07,121.8100,124.2000,120.9600,122.2400,579944
2019-06-06,119.5900,121.9700,118.0700,121.6500,350023
2019-06-05,119.4100,120.1700,117.1250,119.6800,592892
2019-06-04,115.6900,118.2500,115.0000,118.1000,861624
2019-06-03,119.6800,120.6900,112.6700,114.2800,717043
2019-05-31,118.6300,121.5550,118.4400,119.8500,442833
2019-05-30,119.7500,122.1700,119.4200,120.7600,509682
2019-05-29,120.7600,121.5000,118.5300,119.1000,510308
2019-05-28,122.1200,124.2200,120.9500,122.1600,563288
2019-05-24,120.0700,122.6400,120.0700,121.7200,663863
2019-05-23,121.0300,121.0803,117.2600,119.3100,600638
2019-05-22,121.8700,124.3200,121.6600,122.5700,829472
2019-05-21,120.9600,123.7000,120.7300,122.4700,716586
2019-05-20,121.6600,122.5000,119.5350,120.9900,802779
2019-05-17,123.1700,125.2700,123.0600,123.5600,470333
2019-05-16,120.2200,125.1200,119.1500,124.5900,1304592
2019-05-15,116.8500,120.6000,116.8500,119.1400,561728
2019-05-14,117.0300,118.6800,115.8300,118.1900,1377289
2019-05-13,119.2000,119.9700,115.4400,115.7500,1234037
2019-05-10,122.0400,123.7000,119.1000,122.7300,839689
2019-05-09,116.7100,123.9800,116.1000,122.9200,1313148
2019-05-08,117.9000,120.4100,117.7050,118.0500,801098
2019-05-07,118.3500,118.8700,114.4500,118.1500,2362650
2019-05-06,115.1500,121.2800,114.7100,121.0600,1752253
2019-05-03,116.6100,119.4600,115.2200,119.4600,987958
2019-05-02,114.8400,116.6000,113.5050,115.4900,807581
2019-05-01,117.2100,117.4600,114.7600,114.8700,610654
2019-04-30,115.7100,116.5400,114.8300,116.3700,516138
2019-04-29,115.8900,117.0000,115.5050,116.0100,1107853
2019-04-26,113.1800,115.3700,112.0000,115.3600,407747
2019-04-25,112.3800,113.9900,111.1900,113.1600,656832
2019-04-24,111.9800,113.2400,111.3000,111.6000,551385
2019-04-23,109.0200,111.5200,108.5100,111.3100,966345
2019-04-22,104.8500,108.6500,104.8250,108.3800,648897
2019-04-18,103.5000,105.5200,101.4900,105.5000,797239
2019-04-17,105.7600,105.9773,102.6200,104.2100,1088959
2019-04-16,106.7600,107.7100,104.7600,105.1800,830554
2019-04-15,105.7800,107.2150,105.1500,106.2600,392187
2019-04-12,105.7000,106.3200,104.2500,105.7300,993942
2019-04-11,104.0400,105.9100,102.0800,105.6000,744791
2019-04-10,103.0600,104.5300,102.0600,103.2900,1198368
2019-04-09,102.3000,103.6500,102.0250,103.2700,1298265
2019-04-08,105.6100,105.8800,101.3300,103.3300,1461478
2019-04-05,105.2700,107.2500,105.0000,106.3500,1441246
2019-04-04,110.7300,111.5190,103.9300,104.7400,2003024
2019-04-03,111.0000,111.8950,109.7800,110.5900,631461
2019-04-02,109.2300,110.2000,107.2750,110.0400,594407
2019-04-01,109.4100,110.4900,106.8600,109.3300,637943
2019-03-29,108.3200,109.2400,106.8600,107.8000,642994
2019-03-28,106.1800,108.7400,106.0000,107.4900,469292
2019-03-27,108.0000,109.2800,104.1960,106.0200,513466
2019-03-26,107.8900,109.2100,106.4300,108.1900,643215
2019-03-25,105.6000,106.8768,103.4800,106.3000,528816
2019-03-22,110.7500,111.1300,106.5900,106.5900,546157
2019-03-21,107.3700,111.7000,106.9300,111.5700,708328
2019-03-20,107.5000,109.3600,106.5500,107.6700,524641
2019-03-19,106.5100,107.9500,103.5300,107.7400,1281716
2019-03-18,106.0500,107.7400,105.0450,106.3300,513366
2019-03-15,106.5500,107.6400,105.3500,106.1900,583965
2019-03-14,106.3600,108.2000,105.8950,106.5300,516625
2019-03-13,105.5000,107.1200,104.8400,105.7900,386460
2019-03-12,105.0000,105.6700,103.3600,105.0200,669652
2019-03-11,102.9000,105.4900,102.5800,104.5600,973618
2019-03-08,99.7500,102.5100,98.1900,101.8900,720642
2019-03-07,102.3400,103.7300,101.3100,101.5800,1081127
2019-03-06,104.2300,105.2000,101.5100,102.2500,509031
2019-03-05,103.5800,104.7500,102.0800,104.3200,712250
2019-03-04,106.1200,106.4700,100.4150,103.5600,1728292
2019-03-01,106.3800,106.4650,104.2300,105.7500,688629
2019-02-28,105.5000,106.1450,104.4400,105.2900,670188
2019-02-27,105.1300,105.9400,104.5000,105.5600,327973
2019-02-26,105.2000,106.3600,104.3500,105.3600,659445
2019-02-25,106.6500,106.9600,105.3300,105.6500,531847
2019-02-22,104.8700,106.4300,104.5700,105.9400,519286
2019-02-21,102.6300,104.4700,101.7800,104.0900,1274070
2019-02-20,104.5900,104.8589,102.7650,103.9000,1045125
2019-02-19,104.3100,105.6900,103.5900,104.0000,799929
2019-02-15,104.4400,104.9000,103.0200,104.6700,661779
2019-02-14,102.4000,104.3600,101.1000,103.8400,1003369
2019-02-13,105.8800,106.6457,102.4360,103.1100,834937
2019-02-12,109.2500,109.8400,104.5000,105.9100,2864007
2019-02-11,101.9000,103.4900,99.5200,99.8700,1808841
2019-02-08,95.7300,101.0700,95.3350,100.9000,1260467
2019-02-07,94.8800,97.1100,94.2300,96.9600,926089
2019-02-06,96.9500,97.3100,95.1800,96.3900,1026326
2019-02-05,96.7400,97.4000,95.8500,96.4800,926027
2019-02-04,94.7300,96.8300,94.3100,96.0600,889270
2019-02-01,92.5300,94.5700,91.6700,94.4200,685723
2019-01-31,89.4700,92.9700,89.0200,92.4400,849705
2019-01-30,88.0600,89.6100,87.0100,89.3100,461591
2019-01-29,88.5000,89.0000,86.4600,86.6700,509327
2019-01-28,89.7700,89.9650,88.2400,88.6700,428150
2019-01-25,90.3000,91.9190,89.6753,91.5000,695031
2019-01-24,89.2600,90.2700,88.2450,89.2700,627330
2019-01-23,89.8300,91.3600,88.3300,88.7800,414937
2019-01-22,90.2600,90.9800,87.6500,88.7800,527136
2019-01-18,89.4300,92.2500,89.1900,91.2500,799911
2019-01-17,87.1200,88.5800,86.2300,88.1400,695222
2019-01-16,87.3300,88.7000,85.9250,87.1000,609065
2019-01-15,85.1000,87.3800,85.1000,87.0600,421540
2019-01-14,86.1000,86.1000,83.5300,84.9500,850161
2019-01-11,86.4200,88.2500,85.7100,86.9100,724729
2019-01-10,86.1400,88.1500,85.2850,87.1800,714512
2019-01-09,89.4300,89.5000,87.2100,87.4000,507822
2019-01-08,87.5500,88.6200,85.7100,88.3700,597453
2019-01-07,83.1300,87.8941,82.9400,86.6100,972165
2019-01-04,79.9200,83.2000,79.0100,82.1700,834346
2019-01-03,79.2600,80.5600,77.8000,78.4200,630010
2019-01-02,80.0000,81.6500,77.4000,80.9800,674772
2018-12-31,80.6600,82.4500,80.1400,82.4400,777388
2018-12-28,79.1300,81.3896,77.3171,79.4200,787284
2018-12-27,75.6100,78.7200,74.3300,78.7000,693519
2018-12-26,71.0500,77.9850,71.0500,77.6900,959634
2018-12-24,70.5900,72.5000,69.8383,70.4100,420446
2018-12-21,75.1400,75.6526,70.9900,71.5100,1056536
2018-12-20,80.0500,80.6700,71.9200,74.8900,1240168
2018-12-19,80.1000,83.8400,79.3800,80.3500,928440
2018-12-18,79.0200,81.6300,78.7600,80.0800,1576397
2018-12-17,81.3200,81.8100,77.1100,77.4900,800592
2018-12-14,83.4000,85.5300,81.5100,82.4700,889962
2018-12-13,86.9600,86.9600,84.4700,85.1700,627272
2018-12-12,86.6500,88.6600,85.9700,86.5900,1236585
2018-12-11,85.0000,86.2650,83.9100,85.2600,1656245
2018-12-10,79.2100,83.6800,79.2100,83.5000,947049
2018-12-07,81.6900,83.0059,77.9300,79.7800,791754
2018-12-06,77.3200,82.5900,76.6900,82.3000,759839
2018-12-04,83.1000,84.8500,80.0700,80.3900,693936
2018-12-03,85.6900,87.2100,82.5950,84.5200,1542110
2018-11-30,80.2700,84.0400,79.9900,82.9000,1275470
2018-11-29,78.5900,80.7600,77.3800,79.8900,925676
2018-11-28,76.5800,79.4700,75.8600,78.9600,1529142
2018-11-27,75.3100,76.1100,74.3200,74.8600,606022
2018-11-26,73.4700,76.9100,72.3700,75.9700,1436480
2018-11-23,70.3600,72.4300,70.0762,71.7100,180991
2018-11-21,68.9700,72.1200,68.4500,71.4100,1022434
2018-11-20,66.1700,71.9000,64.4100,68.9100,1555421
2018-11-19,77.5500,79.6350,68.5000,68.8600,1129765
2018-11-16,76.2400,77.6200,74.4300,76.4000,855294
2018-11-15,73.8300,77.3100,72.9200,77.0600,1163526
2018-11-14,76.3200,77.0000,73.8300,74.2800,1140004
2018-11-13,75.8300,77.7600,73.9400,75.1500,830708
2018-11-12,82.4900,83.6500,74.7900,75.4500,2112801
2018-11-09,84.9000,85.2600,80.8150,83.6800,2242013
2018-11-08,84.5300,86.7400,83.0100,86.2200,2044296
2018-11-07,77.1000,85.0000,77.1000,84.4800,1990871
2018-11-06,78.3000,79.9900,73.1300,75.8400,2306004
2018-11-05,76.3200,77.1000,73.6300,74.9600,1256829
2018-11-02,79.7900,81.0800,76.8700,77.0100,996795
2018-11-01,78.0500,79.8400,75.7000,79.4700,748056
2018-10-31,76.4300,78.8700,75.7200,77.7300,1023658
2018-10-30,70.8900,74.6600,69.6200,74.2700,1206463
2018-10-29,73.9000,75.4100,69.6000,71.1100,1340358
2018-10-26,72.3400,74.4800,70.3750,72.2700,599968
2018-10-25,72.3800,75.6100,71.7200,75.0100,800203
2018-10-24,77.4400,79.0665,71.3700,71.5000,751056
2018-10-23,76.2500,78.0200,75.6000,77.6100,500398
2018-10-22,76.5900,78.9100,74.5800,78.1900,1743402
2018-10-19,78.8200,79.9400,75.5100,75.5100,905451
2018-10-18,80.6300,81.8000,77.5250,78.5000,617963
2018-10-17,84.0200,84.0200,80.4100,81.3300,789253
2018-10-16,81.7000,83.3400,80.6000,82.2900,951148
2018-10-15,80.1400,81.2300,78.0200,80.1500,1016687
2018-10-12,78.7500,81.0000,77.7300,80.0800,1265964
2018-10-11,76.1600,77.6900,74.4300,75.0000,1919105
2018-10-10,81.0000,81.6950,75.4200,76.4800,1820365
2018-10-09,80.4000,83.5700,79.9900,81.7900,1113898
2018-10-08,83.3400,83.3400,78.5100,80.7000,1582304
2018-10-05,84.8900,86.7500,81.9600,84.1900,759346
2018-10-04,87.8600,87.9900,83.7200,84.8500,937632
2018-10-03,87.7200,89.1500,86.4400,88.1200,928221
2018-10-02,89.9800,90.1400,86.8200,87.0200,1268172
2018-10-01,93.7600,94.1635,89.8200,90.3700,943539
2018-09-28,93.9500,94.6500,92.4000,93.0500,743877
2018-09-27,93.0000,94.6500,92.8500,94.0500,498925
2018-09-26,93.9000,94.2750,91.8500,92.9500,751089
2018-09-25,91.1500,93.6250,90.9000,93.2500,1017771
2018-09-24,88.9500,91.5500,87.3500,91.0000,615154
2018-09-21,91.8500,92.1000,89.3000,89.8000,756261
2018-09-20,90.6500,91.9000,89.9500,91.2500,568169
2018-09-19,93.5000,93.9000,88.4000,90.5500,700140
2018-09-18,92.0000,94.3000,92.0000,93.5000,699812
2018-09-17,95.1000,95.3000,91.1500,91.7000,738518
2018-09-14,95.0000,96.8000,94.8750,95.7000,588774
2018-09-13,96.7000,98.1500,93.9500,95.0500,715058
2018-09-12,96.5500,96.8500,94.2500,96.8500,534199
2018-09-11,95.8500,97.6500,95.2500,96.2000,585103
2018-09-10,94.5500,96.6500,93.5000,96.3000,552710
2018-09-07,93.1500,96.6500,92.1500,93.9000,663927
2018-09-06,92.3000,93.6500,91.2000,93.3500,458888
2018-09-05,95.2000,95.5000,90.2000,92.6000,735408
2018-09-04,93.1500,95.0500,92.1500,94.6000,639179
2018-08-31,92.0000,93.9000,91.7500,93.1500,654940
2018-08-30,93.4500,94.9500,92.1500,92.4500,1032234
2018-08-29,94.2500,95.3000,93.9500,93.9500,423244
2018-08-28,93.9500,94.0250,92.3500,93.7500,394313
2018-08-27,94.3000,94.3000,92.7000,93.2500,456046
2018-08-24,92.0000,95.6000,91.1500,93.6000,882181
2018-08-23,90.5000,92.4250,90.3000,90.6500,717712
2018-08-22,89.7500,90.8500,88.8000,90.7000,465380
2018-08-21,88.4000,91.1500,88.1000,89.7500,839546
2018-08-20,89.4000,89.8500,88.0000,89.3500,393672
2018-08-17,89.2000,89.5750,88.2000,89.3000,340626
2018-08-16,89.5500,89.9500,88.0500,89.1000,357077
2018-08-15,88.8500,89.7000,86.6000,88.6500,967157
2018-08-14,88.0000,89.7000,86.8000,89.6000,654935
2018-08-13,87.7000,88.8000,87.2000,87.7500,559602
2018-08-10,86.3000,89.0500,85.4500,87.6000,523543
2018-08-09,87.2000,88.8500,86.7250,87.0500,1145317
2018-08-08,86.0500,87.9000,85.3500,87.0500,833562
2018-08-07,88.7000,90.0500,85.9500,87.0000,1828445
2018-08-06,79.5000,81.6500,79.0500,81.4000,1573220
2018-08-03,79.4500,79.8000,77.2500,79.5500,1748550
2018-08-02,76.4500,79.0500,76.3000,79.0500,917142
2018-08-01,73.7500,76.8000,73.7500,76.4500,1892981
2018-07-31,73.9500,74.7000,71.5000,73.7500,1786616
2018-07-30,79.6500,80.0000,72.8500,73.8000,1445759
2018-07-27,82.7000,83.0000,79.2000,80.0000,1092348
2018-07-26,80.8500,82.8500,80.1585,82.2500,406966
2018-07-25,79.4000,82.1000,79.0500,81.5500,603840
2018-07-24,82.2500,82.2500,78.5000,79.4000,849650
2018-07-23,81.5000,82.3000,80.3500,81.5000,841331
2018-07-20,82.5500,83.2000,81.4500,81.5500,422358
2018-07-19,83.1000,83.9500,82.1500,82.8000,929616
2018-07-18,81.7500,83.1500,81.0000,83.0000,1069517
2018-07-17,78.6500,82.1000,78.1500,81.7500,739065
2018-07-16,78.6500,79.3500,78.2500,78.8500,575292
2018-07-13,78.9500,79.6500,77.6000,78.6500,602422
2018-07-12,75.2500,79.1500,74.9500,78.7500,1094221
2018-07-11,73.7500,75.6750,73.5500,74.4000,662911
2018-07-10,74.5500,75.5000,74.0000,74.7000,1017332
2018-07-09,75.0000,76.0000,73.2500,74.4000,694609
2018-07-06,71.7500,75.0750,70.9750,74.9500,930271
2018-07-05,71.5000,72.3500,71.0500,71.7500,1326736
2018-07-03,72.1000,72.4000,70.4000,71.0000,294534
2018-07-02,71.0000,71.6000,69.3500,71.5500,940981
2018-06-29,71.1000,71.5500,69.8500,70.3500,802125
2018-06-28,68.0000,71.1000,67.6000,70.8500,1049168
2018-06-27,70.6500,71.3250,67.9500,68.0500,1128207
2018-06-26,69.6500,71.5500,68.7500,70.1500,1159937
2018-06-25,71.9500,71.9500,67.7500,69.3500,1346866
2018-06-22,75.0500,75.0500,71.8471,72.3500,6737188
2018-06-21,77.1000,78.1500,74.8500,74.9500,911462
2018-06-20,77.8000,80.2500,77.1000,77.1000,776434
2018-06-19,79.9000,79.9000,76.7000,77.0000,1040898
2018-06-18,78.1500,80.7000,77.7500,80.3500,808568
2018-06-15,77.6500,78.7500,77.0500,78.4000,846942
2018-06-14,77.8500,78.9500,77.4000,77.9000,511508
2018-06-13,77.0500,78.1183,76.6000,77.8500,728134
2018-06-12,75.0000,77.2000,75.0000,77.0500,529021
2018-06-11,75.0000,75.4000,74.2500,74.7500,366140
2018-06-08,74.2000,75.0500,73.0500,74.9000,521091
2018-06-07,77.7500,77.9250,73.4000,74.2000,506504
2018-06-06,79.2500,79.9000,77.8500,77.8500,847245
2018-06-05,77.2000,79.2500,77.0000,79.0000,561933
2018-06-04,76.7500,77.1500,76.0000,77.0000,598048
2018-06-01,76.3500,76.7500,75.3500,76.2000,440979
2018-05-31,75.8500,76.5000,75.5500,75.7500,415905
2018-05-30,75.3500,77.0500,75.3500,75.9500,400593
2018-05-29,73.9000,75.2000,73.6000,74.8500,414533
2018-05-25,73.8500,74.8500,73.2500,74.1500,381320
2018-05-24,72.3500,74.4500,72.3500,74.0000,415627
2018-05-23,72.1000,72.8000,71.4500,72.7500,653106
2018-05-22,73.6000,74.1500,72.6000,72.7000,1134276
2018-05-21,77.0000,77.2250,74.3000,74.4000,651599
2018-05-18,76.6500,78.5500,76.6500,76.6500,608245
2018-05-17,75.5000,77.6000,75.4250,76.9000,649987
2018-05-16,73.7500,76.1000,73.4500,75.5000,760554
2018-05-15,73.9500,74.6000,71.7000,73.6000,647393
2018-05-14,75.3000,76.0500,74.2500,74.8000,917975
2018-05-11,77.4000,77.4000,73.6000,75.2000,827130
2018-05-10,75.7500,81.2000,75.5500,77.2000,1522510
2018-05-09,73.3000,73.6000,71.2000,73.2000,575547
2018-05-08,70.8500,71.8000,70.1500,71.7000,271281
2018-05-07,69.8000,71.6000,69.2000,71.0500,364260
2018-05-04,69.3500,69.9500,68.1000,69.2500,423301
2018-05-03,69.0500,72.1000,68.3000,69.6500,552193
2018-05-02,68.0500,69.9500,68.0000,69.3500,466395
2018-05-01,66.7000,68.1000,66.4000,68.0500,375533
2018-04-30,67.6000,68.0500,66.3000,67.0500,483625
2018-04-27,67.1500,67.7000,65.0480,67.4000,443635
2018-04-26,65.8500,67.6500,65.7000,66.7000,298515
2018-04-25,65.9000,66.0500,63.9500,65.2000,422028
2018-04-24,67.3500,68.6000,65.0500,65.9000,491175
2018-04-23,67.5000,68.3000,66.4000,66.9500,265510
2018-04-20,67.4500,68.2500,67.0000,67.1000,541675
2018-04-19,68.6500,68.9500,67.7500,67.9000,341765
2018-04-18,69.2000,69.3000,67.9500,69.0500,688825
2018-04-17,67.0500,69.1500,66.4500,68.7000,857874
2018-04-16,66.6000,67.6000,65.7500,66.6000,492641
2018-04-13,67.6500,67.6500,65.4500,66.1500,677342
2018-04-12,66.1500,68.1000,65.6500,67.3500,677431
2018-04-11,65.3000,66.3500,64.7730,65.7000,516801
2018-04-10,64.9500,66.5000,63.5000,65.6500,772439
2018-04-09,64.3000,65.8500,63.5500,64.0000,702691
2018-04-06,64.1500,65.3500,63.2000,63.6000,732153
2018-04-05,65.7000,65.7750,64.3000,64.6500,714198
2018-04-04,62.4000,65.2500,61.7000,64.9500,692450
2018-04-03,62.4500,63.8000,62.1000,63.7500,681727
2018-04-02,63.0000,63.9250,61.5500,61.8500,508445
2018-03-29,62.4500,64.1000,61.4000,63.5000,785304
2018-03-28,65.4000,65.4000,61.3500,61.9500,1214819
2018-03-27,68.0500,68.8000,65.0500,65.5000,544936
2018-03-26,67.2000,68.3000,66.9000,67.8000,587127
2018-03-23,67.2500,67.9500,65.9500,65.9500,391663
2018-03-22,67.7000,69.0000,67.0000,67.1000,456645
2018-03-21,68.7500,69.6000,68.0000,68.4500,511170
2018-03-20,67.5000,68.9500,67.3500,68.5500,345233
2018-03-19,68.0000,68.3000,65.5000,67.3500,421680
2018-03-16,68.7000,68.8500,67.8500,68.3500,557171
2018-03-15,68.0500,68.6000,67.3500,68.1000,518736
2018-03-14,66.2500,68.5500,66.0000,68.0500,675178
2018-03-13,67.5000,67.7000,65.3500,66.1000,675268
2018-03-12,66.7000,67.6000,66.3500,67.1500,513861
2018-03-09,66.6500,67.3000,65.2000,66.5500,1088917
2018-03-08,66.0000,66.6000,65.6000,66.0500,557916
2018-03-07,64.2000,66.1500,64.1750,65.8000,774609
2018-03-06,65.0000,65.0000,63.0500,64.7000,849903
2018-03-05,63.6500,65.2500,63.3000,64.8000,888671
2018-03-02,62.2000,63.9500,62.0500,63.7500,984124
2018-03-01,62.6500,63.4500,60.8500,62.6000,2681451
2018-02-28,63.8000,64.9000,62.6500,62.6500,745575
2018-02-27,63.4000,64.8500,62.8044,64.0000,526074
2018-02-26,63.8000,64.2752,63.3750,63.4500,493800
2018-02-23,62.8000,63.3000,61.9000,63.3000,464641
2018-02-22,62.4500,63.0500,61.7000,62.3000,611476
2018-02-21,64.2000,64.9000,62.1500,62.2500,1319289
2018-02-20,62.6500,65.7502,62.5300,64.8000,1642434
2018-02-16,61.7000,63.6000,61.5100,63.1000,1046789
2018-02-15,58.0000,61.9000,57.4000,61.7500,1369818
2018-02-14,57.2500,58.8500,56.8500,57.8500,1107861
2018-02-13,57.2500,58.7000,55.5500,57.1500,1289549
2018-02-12,52.3500,54.2000,51.9500,53.3500,577676
2018-02-09,52.8500,53.2365,49.5500,52.0500,607028
2018-02-08,52.9000,53.4000,51.3500,52.3000,713094
2018-02-07,51.7500,53.5500,51.6000,52.7000,566330
2018-02-06,49.4000,51.9000,47.6500,51.7000,502060
2018-02-05,52.5000,53.6500,50.3500,50.7500,530948
2018-02-02,53.9000,54.2500,52.8500,53.1500,221281
2018-02-01,54.0500,55.1500,53.6000,54.3500,226881
2018-01-31,55.1000,55.4608,54.2500,54.3000,193497
2018-01-30,52.7500,54.7000,52.3611,54.4500,353993
2018-01-29,55.1500,56.1500,53.4250,53.5000,345713
2018-01-26,54.1000,55.6000,53.3500,55.4500,657656
2018-01-25,53.0000,53.7000,52.4250,53.2500,487462
2018-01-24,53.7500,54.0500,52.6500,52.6500,402322
2018-01-23,53.7000,53.9500,53.0500,53.4500,343848
2018-01-22,54.5000,55.2000,52.8000,53.8500,426912
2018-01-19,53.2000,54.2500,52.9500,54.1500,443898
2018-01-18,51.4500,53.5500,51.1090,53.2000,304043
2018-01-17,51.0000,51.5000,50.3500,51.5000,282304
2018-01-16,52.9500,54.2000,50.5500,50.6500,545934
2018-01-12,51.7000,52.6000,51.4500,52.3500,545180
2018-01-11,49.4000,52.0000,49.3550,51.6000,651579
2018-01-10,48.4000,49.6000,48.2000,49.3000,336884
2018-01-09,48.7000,49.4500,48.3000,48.8000,314358
2018-01-08,47.4500,48.7000,46.8500,48.6500,296125
2018-01-05,47.5500,48.1000,46.7000,47.5500,395605
2018-01-04,48.4000,48.7000,46.3500,47.3000,598513
2018-01-03,47.8000,48.5500,47.6500,48.0000,369303
2018-01-02,48.8000,48.9500,47.1000,47.8000,440638
2017-12-29,48.5500,49.4000,48.3500,48.4000,321874
2017-12-28,48.4500,48.4750,47.9500,48.4000,160061
2017-12-27,48.9500,49.0000,48.1000,48.3000,159737
2017-12-26,47.5000,48.8500,47.5000,48.8500,227556
2017-12-22,47.4000,47.8000,47.1500,47.7000,184827
2017-12-21,47.7500,48.6000,47.4812,47.9500,276377
2017-12-20,47.5000,48.6500,46.8500,48.2000,298500
2017-12-19,48.2000,49.2000,47.4000,47.7000,396576
2017-12-18,49.5750,49.8500,49.0000,49.3500,410906
2017-12-15,48.3000,49.2000,47.6000,48.9500,682389
2017-12-14,48.3000,48.7000,47.4000,47.5500,436839
2017-12-13,46.7000,49.2000,46.7000,48.1000,433995
2017-12-12,46.5500,47.3500,46.0500,46.6000,624698
2017-12-11,48.2000,48.9500,46.9500,47.5500,454612
2017-12-08,48.7500,48.8750,47.5500,48.3000,478934
2017-12-07,45.3000,48.5508,45.3000,48.2000,1009032
2017-12-06,43.9500,45.6500,43.9500,45.3500,548147
2017-12-05,44.0000,45.0000,43.8500,44.0000,555367
2017-12-04,46.9500,47.3012,44.0000,44.0000,596724
2017-12-01,47.0000,47.3500,44.7000,46.2500,519320
2017-11-30,47.9000,48.4000,46.6000,47.1500,531697
2017-11-29,49.7500,49.9500,47.3500,47.5000,647523
2017-11-28,48.5000,49.8000,48.1000,49.6500,504170
2017-11-27,48.9000,48.9000,47.7500,48.2500,527302
2017-11-24,48.6500,49.0500,48.3000,48.7000,245149
2017-11-22,48.6500,48.7500,47.2500,48.3000,334330
2017-11-21,48.1500,49.1000,47.7000,48.7000,629367
2017-11-20,47.8000,48.7500,47.3000,48.6500,570265
2017-11-17,47.0500,48.1500,46.9000,48.0000,769149
2017-11-16,46.8500,47.8300,46.6500,47.2000,460777
2017-11-15,46.5500,46.6000,45.8400,46.4000,293467
2017-11-14,45.9500,47.2000,45.9500,47.0000,365920
2017-11-13,45.3500,46.3800,44.2000,46.0000,422326
2017-11-10,47.5000,47.5000,45.2800,46.1500,644429
2017-11-09,44.8500,47.9500,44.8500,47.5500,1211636
2017-11-08,44.0500,44.1000,42.1000,43.6500,975999
2017-11-07,44.5000,44.5000,43.6500,44.3000,360462
2017-11-06,44.2000,44.5000,43.8000,44.2500,308364
2017-11-03,43.0500,44.5000,42.8500,44.0500,349019
2017-11-02,42.0500,43.3500,41.9500,43.1000,298193
2017-11-01,42.5000,42.7000,41.7500,42.4000,302803
2017-10-31,41.8000,42.3000,41.5000,42.1500,463353
2017-10-30,42.1500,42.1500,40.9500,41.5500,386231
2017-10-27,41.7000,42.6000,41.7000,42.3000,424958
2017-10-26,41.3000,41.8000,41.1500,41.4500,339477
2017-10-25,41.4500,43.2000,40.9000,41.1000,618234
2017-10-24,42.0000,42.4500,41.5000,41.5000,377618
2017-10-23,42.4000,42.6000,41.3500,41.8000,435749
2017-10-20,41.4000,42.7000,41.4000,42.5500,458013
2017-10-19,41.2500,41.6500,40.3500,40.9500,466026
2017-10-18,42.6000,42.7500,41.1000,41.3500,614984
2017-10-17,42.7500,43.0500,42.4000,42.4500,323825
2017-10-16,44.0000,44.0400,42.6000,42.7500,464165
2017-10-13,43.6500,44.0000,43.4000,43.8000,445996
2017-10-12,43.4000,43.7500,43.1000,43.4000,315805
2017-10-11,43.5000,43.7500,43.0500,43.4000,373455
2017-10-10,44.9500,44.9500,43.0500,43.4500,491740
2017-10-09,44.8000,44.8500,44.1000,44.4000,315877
2017-10-06,43.5500,44.9000,43.4000,44.8000,503608
2017-10-05,44.0500,44.1000,43.0000,43.9000,415198
2017-10-04,44.0500,44.2000,43.3500,43.9000,463199
2017-10-03,43.9500,44.7000,43.2500,44.2000,779455
2017-10-02,42.5500,44.3500,42.0000,44.0000,1479022
2017-09-29,40.3000,41.9500,40.2000,41.7500,566020
2017-09-28,40.2500,40.6000,39.8000,40.1500,238206
2017-09-27,39.2500,40.7500,39.2500,40.4000,428908
2017-09-26,39.4000,39.4000,38.4500,39.0000,292441
2017-09-25,39.6000,40.1500,38.6500,39.2000,357828
2017-09-22,39.8500,40.4500,39.7000,39.8500,321467
2017-09-21,40.6500,40.6500,38.8000,39.8000,873517
2017-09-20,41.0500,41.2500,40.3500,40.6500,319218
2017-09-19,41.3000,41.9100,40.8000,41.1500,352559
2017-09-18,41.6000,42.0000,41.1000,41.3000,604841
2017-09-15,41.8000,41.8500,40.8500,41.5500,529664
2017-09-14,41.6000,41.9000,40.8500,41.5500,442648
2017-09-13,42.4000,42.6000,41.7000,41.7500,410493
2017-09-12,42.7000,42.9000,42.0000,42.5500,367673
2017-09-11,42.8000,43.0000,41.9000,42.5500,319467
2017-09-08,42.5000,42.8500,42.0500,42.3500,647863
2017-09-07,42.3500,42.7300,41.5000,42.6500,382013
2017-09-06,42.8000,42.8500,41.4000,41.7500,543193
2017-09-05,42.1500,42.7800,41.7600,42.4500,333210
2017-09-01,42.3000,42.6500,41.8000,42.3500,489538
2017-08-31,40.5000,42.4000,40.5000,42.3500,815768
2017-08-30,39.6500,40.7000,39.4000,40.3000,618784
2017-08-29,38.3000,40.1500,38.1000,39.7000,836257
2017-08-28,38.0500,38.7000,38.0500,38.6500,725949
2017-08-25,39.2000,39.3800,37.8000,37.8500,527479
2017-08-24,39.3000,39.4000,38.4000,39.1000,675835
2017-08-23,38.1000,39.4000,37.9500,39.0000,615725
2017-08-22,37.4500,38.5000,37.4000,38.3500,707384
2017-08-21,38.3000,38.4500,37.9000,38.1500,333116
2017-08-18,37.9500,38.7500,37.9000,38.2500,430177
2017-08-17,39.2500,39.7000,38.0000,38.1500,795636
2017-08-16,39.5000,39.7500,39.1000,39.4000,408565
2017-08-15,39.3000,39.3500,38.7000,39.2000,346363
2017-08-14,38.7000,39.4000,38.3000,39.3500,539367
2017-08-11,37.3500,38.5500,37.3500,38.3000,614102
2017-08-10,38.0000,38.7000,37.4500,37.7000,1206141
2017-08-09,35.5000,43.0500,35.3000,38.8000,3159996
2017-08-08,34.9000,35.9500,34.6500,35.9000,537582
2017-08-07,35.0000,35.6000,34.9800,35.1000,551868
2017-08-04,34.5500,35.4000,34.5500,35.0500,859284
2017-08-03,38.9500,38.9500,34.1000,34.5500,1096222
2017-08-02,35.7500,35.7500,34.5000,34.9000,1163054
2017-08-01,35.0500,35.8300,34.9000,35.5000,1013898
2017-07-31,35.2000,35.4000,34.3800,34.8000,552867
2017-07-28,35.5500,35.9000,34.9500,35.1500,623241
2017-07-27,36.2000,36.6000,35.0000,35.8000,578159
2017-07-26,35.9000,36.2000,35.5500,35.9500,449410
2017-07-25,35.4000,36.0000,34.9500,35.6500,680101
2017-07-24,34.8500,35.5000,34.3500,35.3500,560964
2017-07-21,34.9500,35.4000,34.4500,34.9500,524762
2017-07-20,35.5500,35.7000,34.3800,34.8000,923252
2017-07-19,35.8000,36.1000,35.7000,36.0000,1661811
2017-07-18,35.8000,36.0250,35.3500,35.8000,693373
2017-07-17,36.3500,36.5500,35.7500,35.8500,705893
2017-07-14,37.3500,37.4500,36.4000,36.4000,566459
2017-07-13,37.4000,37.5500,36.7500,37.2000,487279
2017-07-12,36.5500,37.4500,36.3500,37.2000,635681
2017-07-11,36.4500,36.8000,36.2000,36.3000,676815
2017-07-10,36.8500,37.4000,36.3500,36.5000,931181
2017-07-07,35.8000,37.0000,35.8000,37.0000,454381
2017-07-06,35.8000,35.9000,35.3000,35.6000,407070
2017-07-05,35.6000,36.3000,35.3000,36.2500,482708
2017-07-03,36.8000,36.8000,35.2000,35.5500,223463
2017-06-30,36.4500,37.1500,36.3000,36.5500,620811
2017-06-29,37.3000,37.5000,35.5000,36.3500,523412
2017-06-28,37.0000,37.6500,36.2500,37.5000,527249
2017-06-27,37.9500,37.9500,36.7500,36.8000,554639
2017-06-26,38.8000,39.0000,37.4500,37.6500,799203
2017-06-23,37.7500,38.7000,37.3500,38.6500,837738
2017-06-22,36.9500,37.7000,36.7500,37.5500,524837
2017-06-21,36.3500,37.0200,36.3500,36.8500,481278
2017-06-20,36.4500,36.8000,35.8500,36.2000,595742
2017-06-19,35.9500,36.9000,35.8700,36.6000,1005697
2017-06-16,35.0000,35.7000,35.0000,35.5000,871521
2017-06-15,34.9000,35.6000,34.6500,35.3500,445068
2017-06-14,35.8500,36.8500,35.5000,35.6000,613748
2017-06-13,35.5000,35.9600,34.7300,35.7500,611951
2017-06-12,35.0500,35.3000,32.7000,35.3000,972008
2017-06-09,38.2500,38.3500,34.8500,35.4000,1561043
2017-06-08,37.3000,38.5000,37.1000,38.3000,1029753
2017-06-07,36.7000,37.3000,36.6700,37.2000,860597
2017-06-06,35.7000,37.3000,35.3500,36.7000,1533168
2017-06-05,35.2500,36.1000,35.0000,36.0000,891296
2017-06-02,34.7500,35.3000,34.3000,35.3000,597836
2017-06-01,34.2500,34.7000,33.8000,34.7000,403738
2017-05-31,34.2000,34.3000,33.4100,34.1000,543878
2017-05-30,34.0000,34.3500,33.7500,34.2000,456273
2017-05-26,34.5000,34.6500,33.9500,34.0000,559369
2017-05-25,34.5000,34.8000,34.1500,34.6500,583871
2017-05-24,34.3500,34.5000,33.9500,34.1500,645620
2017-05-23,33.9000,34.3000,33.7500,34.2500,1089383
2017-05-22,33.8500,34.5500,33.7000,34.4500,924127
2017-05-19,32.7000,33.9500,32.7000,33.8000,919722
2017-05-18,32.1000,32.8000,31.8500,32.5500,971750
2017-05-17,32.9000,32.9000,32.0500,32.0500,686056
2017-05-16,33.0500,33.6500,33.0000,33.5000,629491
2017-05-15,32.4000,33.1000,32.1500,33.0500,824536
2017-05-12,32.3500,32.6000,31.9000,32.2500,641388
2017-05-11,31.6500,32.5500,31.0500,32.4000,955359
2017-05-10,31.7500,32.0500,31.5000,31.8000,577059
2017-05-09,31.7000,32.1000,31.2500,31.8500,1287071
2017-05-08,32.9000,32.9000,31.5000,31.7500,1157949
2017-05-05,32.9000,33.3500,32.3500,32.9000,625083
2017-05-04,32.7500,33.0800,32.6000,32.9500,773760
2017-05-03,33.3500,33.3500,32.3500,32.7500,659559
2017-05-02,32.5000,33.2500,32.5000,32.7000,1159857
2017-05-01,32.0000,32.6000,31.6000,32.5000,1136258
2017-04-28,31.9000,32.2500,31.6500,31.9500,1097938
2017-04-27,30.7500,32.2000,30.6000,32.0500,1475589
2017-04-26,30.7500,31.4000,29.4500,30.4500,1752522
2017-04-25,30.4500,31.2000,30.0500,30.5000,1259297
2017-04-24,29.8000,30.4500,29.3000,30.2000,1595091
2017-04-21,29.4500,29.7500,29.1500,29.3500,485465
2017-04-20,29.7000,29.9500,29.2000,29.6000,616165
2017-04-19,29.1000,29.6500,29.1000,29.4500,475466
2017-04-18,28.7000,29.0300,28.4500,28.8500,309186
2017-04-17,28.6500,29.0800,28.6000,29.0000,264537
2017-04-13,28.6500,29.0000,28.4500,28.5500,370450
2017-04-12,28.7000,28.8000,28.3500,28.6000,389634
2017-04-11,28.8000,29.0000,28.4000,28.7000,653305
2017-04-10,27.4000,27.7500,27.3500,27.7000,272722
2017-04-07,27.2500,27.4800,27.1500,27.3500,607494
2017-04-06,27.2500,27.5000,26.9800,27.3000,364465
2017-04-05,27.9000,28.1300,27.0000,27.3000,540275
2017-04-04,27.8000,28.0000,27.5500,27.7000,540494
2017-04-03,28.3500,28.4500,27.4500,27.7500,539883
2017-03-31,27.6500,28.4500,27.5000,28.3000,804000
2017-03-30,27.6500,27.8000,27.3000,27.6500,618955
2017-03-29,27.2500,27.7500,27.1000,27.6500,410298
2017-03-28,26.8500,27.5000,26.6500,27.2500,502307
2017-03-27,26.5000,27.0500,26.1500,26.9500,377900
2017-03-24,27.0000,27.4000,26.7500,26.9500,493941
2017-03-23,26.8500,27.0000,26.5000,26.9500,432390
2017-03-22,26.8000,27.0500,26.5000,26.8000,342886
2017-03-21,28.0500,28.0500,26.7500,26.8500,673262
2017-03-20,27.4500,28.1800,27.3500,27.9000,569669
2017-03-17,27.6000,28.0000,27.3000,27.4500,592557
2017-03-16,27.2500,27.7500,26.9800,27.5000,650558
2017-03-15,26.5000,27.2500,26.3000,27.1000,556883
2017-03-14,26.5000,26.7000,25.9300,26.3500,699629
2017-03-13,26.5500,26.8000,26.2900,26.6000,517721
2017-03-10,27.0000,27.3500,26.0500,26.5500,803163
2017-03-09,26.3000,26.8000,25.9000,26.7500,532992
2017-03-08,26.4500,26.7000,26.2000,26.4000,424756
2017-03-07,26.3000,26.6500,26.2000,26.4000,554760
2017-03-06,26.4000,26.8000,26.2500,26.5000,428541
2017-03-03,26.3500,26.6000,25.9000,26.5500,539051
2017-03-02,26.7000,26.7900,26.3000,26.5500,610057
2017-03-01,27.1000,27.1000,26.2500,26.7500,845149
2017-02-28,27.0500,27.0500,26.3500,26.7000,985473
2017-02-27,26.4000,27.8500,26.1500,27.3000,1596374
2017-02-24,25.3500,26.3000,25.1500,26.2500,931912
2017-02-23,25.9500,26.2500,25.4000,25.9000,948513
2017-02-22,24.9500,25.9500,24.8000,25.8000,1047115
2017-02-21,25.1500,25.8000,25.1000,25.6500,1263488
2017-02-17,24.4000,25.3000,24.3000,25.2000,788198
2017-02-16,24.9000,25.2000,24.2500,24.5000,1061311
2017-02-15,23.9500,25.4500,23.9000,25.1500,1478003
2017-02-14,23.5500,24.5000,22.5500,23.9000,2633871
2017-02-13,23.5000,24.1500,23.2300,23.8000,1323998
2017-02-10,22.9500,23.5500,22.3500,23.5000,1570943
2017-02-09,22.4000,23.1500,22.4000,22.7500,741087
2017-02-08,22.3500,22.4000,21.9000,22.3000,589859
2017-02-07,22.6500,23.0500,22.4500,22.6000,337408
2017-02-06,23.0500,23.3000,22.4000,22.6000,417538
2017-02-03,23.3500,23.4500,22.9000,23.2000,750575
2017-02-02,22.8500,23.6000,22.8500,23.3000,918941
2017-02-01,23.4500,23.5000,22.8500,23.0000,395580
2017-01-31,23.1500,23.4500,22.7000,23.3500,659758
2017-01-30,23.9500,24.2000,23.0500,23.3500,1008301
2017-01-27,23.3000,24.5000,22.9000,24.3500,1118954
2017-01-26,23.8000,23.8000,23.0000,23.2500,445640
2017-01-25,23.8500,23.9000,23.2000,23.6500,593500
2017-01-24,23.6500,23.9500,23.3500,23.6500,514600
2017-01-23,22.7500,23.6500,22.7000,23.5000,496886
2017-01-20,22.0500,22.9000,21.9250,22.8500,349815
2017-01-19,21.9500,22.4000,21.6500,21.9500,194368
2017-01-18,21.8000,22.4000,21.5000,21.8500,427149
2017-01-17,22.4000,22.5000,21.5500,21.7000,355182
2017-01-13,22.1000,22.5500,21.9500,22.5000,566011
2017-01-12,21.9500,22.0500,21.3500,22.0000,285400
2017-01-11,21.6000,22.2500,21.5500,21.9500,630000
2017-01-10,21.7000,21.8750,21.4000,21.6500,329667
2017-01-09,21.8000,22.0500,21.5000,21.6500,453602
2017-01-06,21.4000,21.8000,21.0000,21.8000,325941
2017-01-05,21.5000,21.5500,21.1250,21.2500,345289
2017-01-04,21.4500,21.7500,21.2500,21.5500,372539
2017-01-03,21.0000,21.3750,20.7500,21.3500,471604
2016-12-30,20.9500,21.2000,20.5500,20.6000,462794
2016-12-29,20.9000,21.3000,20.6500,20.9500,401658
2016-12-28,21.7500,21.8000,20.9000,20.9000,526859
2016-12-27,21.2000,21.6500,21.1750,21.6000,209533
2016-12-23,20.9000,21.2500,20.7000,21.2000,145388
2016-12-22,21.1000,21.2500,20.7750,20.8500,202914
2016-12-21,21.7000,21.7000,20.9000,21.1000,296951
2016-12-20,22.0000,22.2000,21.6000,21.6500,343567
2016-12-19,21.8000,21.9500,21.5000,21.8000,310066
2016-12-16,21.9000,22.0500,21.5000,21.6500,690344
2016-12-15,21.8500,22.4500,21.8000,22.0000,670078
2016-12-14,22.4500,22.8000,21.7500,21.9500,517946
2016-12-13,22.8500,23.5500,22.4500,22.5000,507412
2016-12-12,23.3500,23.5000,22.3500,22.8500,690622
2016-12-09,23.3500,23.8000,22.5500,22.7500,785284
2016-12-08,22.5000,23.4000,22.2500,23.3500,600128
2016-12-07,21.7500,22.5500,21.5000,22.5000,382424
2016-12-06,21.7500,21.9500,21.2000,21.7000,412527
2016-12-05,20.7000,22.0000,20.7000,21.8500,756891
2016-12-02,20.9000,21.0500,19.9500,20.5500,842277
2016-12-01,21.4500,22.5000,20.7500,21.1000,956916
2016-11-30,21.1500,21.6500,20.9500,21.5500,885694
2016-11-29,22.1500,22.1500,20.8000,20.9500,848127
2016-11-28,22.9500,23.2000,22.0000,22.0500,485814
2016-11-25,22.8000,23.1500,22.5000,23.0000,186533
2016-11-23,22.0000,22.8500,22.0000,22.8500,331632
2016-11-22,22.1500,22.7000,21.9000,22.1000,820812
2016-11-21,23.3000,23.3000,22.6000,22.7000,519030
2016-11-18,23.0500,23.3000,22.5500,22.7500,740242
2016-11-17,24.1000,24.2000,22.8500,22.9500,773931
2016-11-16,23.2000,24.1000,23.1050,23.8500,497911
2016-11-15,22.8000,23.8000,22.8000,23.3000,547960
2016-11-14,22.7000,23.8500,22.5500,22.7500,685381
2016-11-11,21.7000,22.6000,21.6500,22.5500,768386
2016-11-10,21.2500,21.9500,21.0500,21.7000,511032
2016-11-09,20.4000,21.1500,20.1509,21.0500,453060
2016-11-08,20.5500,21.2000,20.4000,20.8000,507323
2016-11-07,20.3500,20.7500,20.1500,20.6000,405052
2016-11-04,19.8500,20.2250,19.6000,20.0500,429908
2016-11-03,19.9000,20.2000,19.6000,19.8000,528294
2016-11-02,19.6000,20.2000,19.3500,19.9500,550933
2016-11-01,20.8500,21.0000,19.8000,20.1000,697090
2016-10-31,20.2500,20.8500,20.1000,20.7000,521489
2016-10-28,20.7500,21.1000,20.1500,20.2000,690604
2016-10-27,21.5500,21.9000,20.6000,20.6500,930946
2016-10-26,22.0500,22.6000,21.5500,21.5500,1444812
2016-10-25,23.0000,23.2500,22.7500,23.1500,408240
2016-10-24,22.3500,23.2000,22.2000,23.1000,542255
2016-10-21,21.9500,22.2000,21.8500,22.1500,245243
2016-10-20,21.9500,22.2500,21.9500,22.1500,288267
2016-10-19,21.6000,22.2000,21.6000,22.0000,235897
2016-10-18,21.5000,21.8000,21.3500,21.6500,211268
2016-10-17,21.6000,21.6000,21.1500,21.3000,196729
2016-10-14,21.6100,21.7500,21.4700,21.5200,201197
2016-10-13,21.9500,22.0200,21.4700,21.5200,412300
2016-10-12,21.8100,22.3000,21.6250,22.1500,355915
2016-10-11,22.3700,22.3700,21.7900,21.8600,442849
2016-10-10,22.6500,22.6800,22.2500,22.3600,758442
2016-10-07,22.8600,22.9400,22.4400,22.4900,516126
2016-10-06,23.1300,23.3600,22.8200,22.9000,414380
2016-10-05,24.2700,24.2800,23.1000,23.1400,481926
2016-10-04,23.9100,24.5400,23.9100,24.1500,316340
2016-10-03,23.5600,23.9200,23.4100,23.9000,417194
2016-09-30,23.6700,23.7300,23.3200,23.6600,328653
2016-09-29,23.8000,23.8000,23.4050,23.5600,171099
2016-09-28,23.7500,23.8100,23.4900,23.7900,209551
2016-09-27,23.4800,23.7700,23.4700,23.7400,318068
2016-09-26,23.6000,23.7100,23.2800,23.5100,177793
2016-09-23,23.7700,23.8400,23.4900,23.6600,239249
2016-09-22,23.6500,24.0000,23.6100,23.8200,378891
2016-09-21,23.2900,23.6500,23.1600,23.6000,279301
2016-09-20,23.5100,23.5100,23.0100,23.0900,303851
2016-09-19,23.5400,23.8700,23.1403,23.3600,306582
2016-09-16,23.1000,23.3700,22.9100,23.3600,396357
2016-09-15,22.3000,23.0600,22.1700,23.0500,508427
2016-09-14,21.9300,22.2600,21.8800,22.2300,577902
2016-09-13,21.9900,22.1200,21.6200,21.9600,532992
2016-09-12,21.4600,22.1300,21.4098,22.0000,328362
2016-09-09,22.2100,22.3500,21.4900,21.6500,424972
2016-09-08,22.3100,22.6600,22.2400,22.3400,413539
2016-09-07,22.0800,22.4600,22.0200,22.3700,559554
2016-09-06,22.6200,22.6200,22.3000,22.3600,190506
2016-09-02,22.2500,22.4800,22.1200,22.4800,282049
2016-09-01,21.8000,22.2100,21.6200,22.1500,306931
2016-08-31,22.2500,22.2500,21.7200,21.9500,560223
2016-08-30,22.3000,22.7700,22.0800,22.2400,202480
2016-08-29,22.3300,22.4200,22.1199,22.2900,207398
2016-08-26,22.3200,22.7400,22.2100,22.3600,282484
2016-08-25,22.2800,22.5700,22.1000,22.4400,189958
2016-08-24,22.8600,23.1600,22.2550,22.3100,416013
2016-08-23,22.2600,23.0300,22.1800,22.9200,526902
2016-08-22,22.9200,23.0400,22.6000,22.9000,219764
2016-08-19,22.9400,23.3200,22.5972,23.0900,330045
2016-08-18,22.9000,23.1900,22.8100,22.9600,157528
2016-08-17,22.7800,22.9500,22.4500,22.9300,310422
2016-08-16,23.3700,23.3700,22.8300,22.8400,547287
2016-08-15,23.3300,23.5100,23.1300,23.3800,280600
2016-08-12,23.4600,23.5900,23.1200,23.2000,144371
2016-08-11,23.4800,23.6200,23.2400,23.5300,310698
2016-08-10,23.1400,23.3900,22.9000,23.3000,356539
2016-08-09,23.0900,23.2800,22.9400,23.2000,326252
2016-08-08,23.9900,23.9900,23.0200,23.1300,423203
2016-08-05,24.2400,24.3000,23.8000,24.0200,537247
2016-08-04,24.6600,25.0000,22.8800,24.1400,1915749
2016-08-03,22.8300,23.3000,22.4400,23.2200,673500
2016-08-02,23.2300,23.2300,22.4500,22.8800,478300
2016-08-01,22.9000,23.5750,22.8000,23.2000,574509
2016-07-29,23.1800,23.2000,22.8800,23.0300,375357
2016-07-28,23.0100,23.2500,22.9300,23.1800,244771
2016-07-27,22.9500,23.1099,22.7800,22.9600,218794
2016-07-26,22.6500,23.0450,22.6500,22.8400,279096
2016-07-25,22.7100,22.9900,22.6385,22.7500,274719
2016-07-22,22.1500,22.7600,22.1500,22.7100,569721
2016-07-21,22.5500,22.7200,22.0500,22.0900,517158
2016-07-20,22.3000,22.4900,22.0200,22.4800,393863
2016-07-19,22.1100,22.6100,22.0300,22.1200,410609
2016-07-18,22.1500,22.3600,22.0200,22.0800,287672
2016-07-15,22.1800,22.2500,21.9460,22.1200,205479
2016-07-14,22.1900,22.3100,21.9600,22.0600,332091
2016-07-13,22.0100,22.2500,21.8000,22.0000,383460
2016-07-12,21.9000,22.0500,21.6100,21.9100,306706
2016-07-11,21.7600,21.9522,21.4700,21.7500,367607
2016-07-08,20.6500,21.9100,20.5900,21.6400,836997
2016-07-07,20.4300,20.5100,19.9000,20.3800,496027
2016-07-06,19.2000,19.5900,19.1800,19.5000,243437
2016-07-05,19.6200,19.7500,19.1500,19.3700,316441
2016-07-01,19.6300,19.8200,19.4800,19.6700,597972
2016-06-30,19.8000,19.8600,19.5000,19.7200,941418
2016-06-29,19.6400,19.8850,19.3900,19.6900,477915
2016-06-28,19.4900,19.6200,19.1200,19.4000,511325
2016-06-27,19.8300,19.8800,18.5400,19.2100,777637
2016-06-24,19.8700,20.5000,19.6300,20.0200,1038851
2016-06-23,20.5400,20.8500,20.2350,20.8500,268473
2016-06-22,20.5800,20.7100,20.2000,20.2500,418071
2016-06-21,20.7000,20.8300,20.3750,20.5600,300445
2016-06-20,20.8800,21.0800,20.5250,20.6600,509398
2016-06-17,20.8600,20.9600,20.5000,20.5800,725011
2016-06-16,20.5800,20.8450,20.3900,20.7900,555646
2016-06-15,20.8100,21.0600,20.7700,20.8200,315429
2016-06-14,20.2200,20.6800,20.1000,20.6700,388685
2016-06-13,20.3400,20.9400,20.3200,20.3500,349494
2016-06-10,20.3600,20.4100,19.8200,20.3600,661868
2016-06-09,20.7500,21.0000,20.4600,20.5800,559378
2016-06-08,20.6700,20.9100,20.4800,20.7900,487282
2016-06-07,20.1900,20.8100,20.0700,20.6800,425116
2016-06-06,19.8500,20.3200,19.7900,20.2100,381651
2016-06-03,20.0200,20.1500,19.5500,19.8500,509895
2016-06-02,19.7600,20.1600,19.5600,20.1300,471736
2016-06-01,19.8200,20.0000,19.5200,19.8200,732971
2016-05-31,19.8200,19.9600,19.5700,19.7400,579394
2016-05-27,19.5600,19.9300,19.3319,19.7700,418703
2016-05-26,19.2300,19.8550,19.0400,19.6200,558609
2016-05-25,18.7000,19.3100,18.6000,19.1800,874355
2016-05-24,18.6000,18.8050,18.4700,18.5800,1699682
2016-05-23,18.3300,18.8000,18.1100,18.5200,883298
2016-05-20,18.7600,19.1900,18.6900,18.9400,693608
2016-05-19,19.0000,19.3100,18.5505,18.6900,543457
2016-05-18,18.2900,19.3100,17.9800,19.0500,783837
2016-05-17,18.5700,18.8200,18.2600,18.3100,405728
2016-05-16,18.5000,19.1000,18.4200,18.6700,553243
2016-05-13,18.4300,18.5000,18.2000,18.4500,626229
2016-05-12,18.7100,18.8000,18.2300,18.4500,273828
2016-05-11,18.6200,18.8700,18.5400,18.5500,234944
2016-05-10,18.6200,18.7400,18.2600,18.6200,350584
2016-05-09,18.2300,19.1000,18.0500,18.6100,449902
2016-05-06,18.1700,18.2900,17.9200,18.2200,497516
2016-05-05,18.3900,18.4600,18.0500,18.3300,356252
2016-05-04,18.7000,18.9100,17.9200,18.3200,556966
2016-05-03,19.2800,19.4900,18.7700,18.7800,457309
2016-05-02,19.1300,19.6000,19.0400,19.5100,646690
2016-04-29,19.8500,20.0400,18.8700,19.0800,666400
2016-04-28,20.0000,20.7400,19.6200,19.8600,1484068
2016-04-27,18.6800,19.1800,18.3300,18.8300,1168003
2016-04-26,18.2100,18.5800,18.1300,18.5400,479716
2016-04-25,18.7200,19.0600,18.1400,18.1700,488616
2016-04-22,18.4000,18.8300,18.2750,18.8300,387640
2016-04-21,18.0900,18.6300,17.8250,18.4200,369983
2016-04-20,18.1000,18.2499,17.7300,17.8800,360179
2016-04-19,18.2500,18.3490,17.6500,18.0500,419208
2016-04-18,17.4600,18.4300,17.4600,18.2000,777079
2016-04-15,17.8400,18.0700,17.4300,17.5500,517107
2016-04-14,16.9100,18.4700,16.9100,17.8100,1408841
2016-04-13,16.3800,16.9100,16.1100,16.9000,788291
2016-04-12,16.0800,16.3550,15.9300,16.2200,341877
2016-04-11,16.9000,16.9000,16.0900,16.0900,341835
2016-04-08,16.9000,16.9000,16.4500,16.8300,522316
2016-04-07,16.7000,16.8800,16.5500,16.7100,560701
2016-04-06,16.7200,16.9500,16.7000,16.8500,449712
2016-04-05,16.5000,16.9800,16.4000,16.7000,943450
2016-04-04,15.9400,16.8100,15.8500,16.6800,977226
2016-04-01,15.6200,15.9700,15.1800,15.9400,531655
2016-03-31,15.2500,16.0000,15.1300,15.7500,1275174
2016-03-30,15.2000,15.3800,15.1400,15.2200,525468
2016-03-29,14.3500,15.1200,14.1300,15.1100,820338
2016-03-28,14.5100,14.6390,13.8800,14.3800,754615
2016-03-24,14.9300,14.9800,14.4900,14.5500,890014
2016-03-23,15.0200,15.3000,14.8600,15.0000,855330
2016-03-22,15.0000,15.2700,14.9600,15.0400,803552
2016-03-21,15.8500,15.8500,15.0500,15.0800,657000
2016-03-18,15.6500,15.9800,15.4800,15.8900,915720
2016-03-17,15.1900,15.5400,14.9100,15.5100,649326
2016-03-16,15.3200,15.3400,14.9800,15.1900,1180573
2016-03-15,15.7000,15.9400,14.9600,15.4400,1362949
2016-03-14,15.8100,15.8100,14.8300,15.7000,1842552
2016-03-11,15.3600,16.0750,15.3165,15.9200,1624794
2016-03-10,16.2600,16.3400,14.2750,15.1100,3464114
2016-03-09,18.3800,18.4499,16.0000,16.1400,2407973
2016-03-08,19.0200,19.1700,18.1500,18.2500,345840
2016-03-07,19.0000,19.2650,18.6100,19.1300,469868
2016-03-04,19.1300,19.3600,18.6300,19.0700,437285
2016-03-03,18.9900,19.1100,18.6500,19.0500,249379
2016-03-02,18.6700,19.1200,18.6450,19.0500,419458
2016-03-01,18.7200,19.0500,18.5600,18.8400,481733
2016-02-29,18.3300,18.8700,18.3300,18.5000,412169
2016-02-26,18.0000,18.3600,17.7000,18.3300,553403
2016-02-25,18.0400,18.2100,17.3500,17.9900,336215
2016-02-24,17.3400,18.0500,17.1500,17.9000,438128
2016-02-23,18.5000,18.6200,17.5400,17.5600,838926
2016-02-22,18.5900,18.8900,18.4900,18.7400,483259
2016-02-19,17.9900,18.3200,17.6000,18.3100,402228
2016-02-18,18.2100,18.3500,17.8500,18.0500,589345
2016-02-17,17.5100,18.3500,17.5100,18.0700,836944
2016-02-16,16.6100,17.5100,16.5100,17.4400,663273
2016-02-12,16.9300,16.9900,16.2100,16.3100,565595
2016-02-11,16.3600,16.9000,16.1500,16.5600,985888
2016-02-10,16.5000,17.2700,16.3500,16.7200,1240141
2016-02-09,16.5300,17.3600,15.3500,15.9800,1776456
2016-02-08,18.2100,18.2100,16.5600,17.2600,1709112
2016-02-05,20.7000,21.0500,19.0600,19.1500,2864291
2016-02-04,21.2700,21.6300,20.7400,21.3400,990102
2016-02-03,21.9200,21.9900,21.0900,21.3300,863723
2016-02-02,22.1100,22.1200,21.4900,21.7100,538697
2016-02-01,21.6000,22.6000,21.3250,22.3700,689526
2016-01-29,21.2500,21.8900,20.9300,21.8200,665677
2016-01-28,21.9400,22.7600,20.8600,21.0100,754551
2016-01-27,22.5800,22.6600,21.5600,21.7600,470529
2016-01-26,22.4600,23.0350,22.1000,22.7800,457152
2016-01-25,23.1600,23.3100,22.0700,22.3200,423386
2016-01-22,22.2200,23.5000,22.1900,23.3600,1141704
2016-01-21,21.5800,22.2500,21.1850,21.6200,557606
2016-01-20,21.2900,21.9800,20.5000,21.5300,1035704
2016-01-19,21.2000,21.8700,21.0100,21.7800,778026
2016-01-15,20.6600,21.1800,20.1200,20.9200,472815
2016-01-14,21.0400,22.1300,20.5000,21.3100,654607
2016-01-13,22.3500,22.4300,20.5800,21.0000,794737
2016-01-12,21.1900,22.4000,21.1200,22.3100,777773
2016-01-11,21.2600,21.3700,20.6700,20.9600,296865
2016-01-08,21.2000,21.4400,20.7900,21.0900,675787
2016-01-07,21.3500,21.6200,21.0000,21.0500,477586
2016-01-06,21.8500,22.2100,21.4600,21.7800,1014467
2016-01-05,22.7800,22.8000,21.9400,22.2100,618918
2016-01-04,23.1100,23.1100,22.4200,22.7600,629194
2015-12-31,23.9300,24.0100,23.5400,23.5800,551363
2015-12-30,24.2600,24.3500,23.9500,23.9900,328344
2015-12-29,24.1900,24.4200,23.8400,24.3300,485497
2015-12-28,24.2100,24.3500,23.7100,23.9900,566437
2015-12-24,24.2500,24.4950,24.0800,24.3000,257878
2015-12-23,24.2500,24.2500,23.8900,24.1400,285007
2015-12-22,24.2500,24.3200,23.9100,24.1500,299737
2015-12-21,23.5400,24.2500,23.2900,24.2400,451367
2015-12-18,23.5300,24.0000,23.3250,23.4300,1079182
2015-12-17,25.0000,25.0238,23.4100,23.6700,1810197
2015-12-16,25.0000,25.6700,25.0000,25.4700,568984
2015-12-15,24.5000,24.7900,24.3435,24.5500,321417
2015-12-14,24.4600,24.8500,24.0100,24.3300,537494
2015-12-11,24.3900,24.9900,24.2100,24.5000,781710
2015-12-10,24.9400,25.1600,24.5100,24.8500,1128164
2015-12-09,24.2800,25.3300,24.1000,24.9700,1656908
2015-12-08,23.3200,24.3700,23.2100,24.2900,634881
2015-12-07,23.7200,23.8000,23.0700,23.5100,432684
2015-12-04,23.0400,23.8600,22.7740,23.8000,428917
2015-12-03,23.3100,23.5900,22.8400,22.9900,452286
2015-12-02,22.8700,23.7400,22.8400,23.2000,555285
2015-12-01,22.8700,23.0400,22.2800,22.6400,1037786
2015-11-30,23.3200,23.9900,22.7200,22.9100,878709
2015-11-27,22.8900,23.3500,22.7100,23.0300,191956
2015-11-25,22.8300,23.1200,22.7500,22.9100,248564
2015-11-24,22.4600,22.8800,22.3700,22.8600,359061
2015-11-23,22.1700,22.9200,21.9500,22.5900,371763
2015-11-20,22.6400,22.9700,22.4300,22.5000,294208
2015-11-19,22.6800,23.2300,22.4100,22.5100,594164
2015-11-18,22.4000,22.7100,22.3300,22.6500,554537
2015-11-17,21.4300,22.5300,21.0501,22.4200,1423079
2015-11-16,20.9000,21.4300,20.8500,21.3600,492532
2015-11-13,21.0700,21.2800,20.3800,20.8500,487692
2015-11-12,20.8000,21.5300,20.6800,21.2300,1095967
2015-11-11,20.8100,21.1000,20.5900,20.9400,480071
2015-11-10,20.8500,20.8940,20.3700,20.7500,701255
2015-11-09,20.4400,21.0100,20.3400,20.9600,783553
2015-11-06,21.2200,21.2900,20.3600,20.4600,1423122
2015-11-05,22.1500,22.1500,21.0600,21.2300,1163061
2015-11-04,21.4800,22.3300,21.4300,22.1700,1737637
2015-11-03,21.1700,21.9500,20.1100,21.3800,4210424
2015-11-02,18.6000,19.5000,18.5000,19.3500,1150277
2015-10-30,18.5200,18.9020,18.0300,18.5000,781447
2015-10-29,19.6900,19.8100,18.4500,18.5200,1024042
2015-10-28,18.9900,19.8700,18.7300,19.8600,420353
2015-10-27,18.9600,19.1900,18.7900,18.9600,393308
2015-10-26,18.7600,19.0600,18.5300,19.0200,229688
2015-10-23,19.3300,19.4000,18.7300,18.8300,480270
2015-10-22,18.2400,19.1500,18.1800,19.1000,443000
2015-10-21,18.8700,18.9600,18.0300,18.1500,410765
2015-10-20,19.1800,19.3300,18.6300,18.7700,368034
2015-10-19,19.4500,19.6600,18.9000,19.2300,395639
2015-10-16,19.7800,19.8780,19.2800,19.5800,417639
2015-10-15,18.9000,19.7300,18.9000,19.7100,625739
2015-10-14,18.6500,18.8900,18.4300,18.8500,724141
2015-10-13,18.5200,18.9900,18.5200,18.6700,465440
2015-10-12,18.5500,18.6500,18.2800,18.6000,342962
2015-10-09,18.8900,19.0000,18.4300,18.5500,329018
2015-10-08,18.6100,18.9100,18.2500,18.8300,519924
2015-10-07,18.4800,18.6400,18.0700,18.6400,330412
2015-10-06,19.0000,19.0000,17.9900,18.3700,717449
2015-10-05,18.3100,18.7500,18.2400,18.7500,332400
2015-10-02,17.5500,18.2050,17.4600,18.1700,666738
2015-10-01,18.0900,18.2000,17.4900,17.8000,535669
2015-09-30,17.5400,18.1900,17.2800,18.1500,831180
2015-09-29,17.8900,17.9900,17.2800,17.4800,574335
2015-09-28,18.4200,18.6600,17.7800,17.8500,500146
2015-09-25,19.0500,19.0500,18.3800,18.4600,472932
2015-09-24,18.7500,18.9400,18.6600,18.8500,483989
2015-09-23,18.8700,19.1500,18.7800,18.9100,345467
2015-09-22,18.7000,19.0700,18.6500,18.7800,614034
2015-09-21,19.1500,19.6300,18.8400,18.9400,467957
2015-09-18,18.6100,19.2000,18.3700,18.9300,1558196
2015-09-17,18.8600,19.1100,18.5500,18.8300,391537
2015-09-16,18.9000,18.9200,18.5600,18.9100,342621
2015-09-15,18.3000,18.9500,18.0500,18.8800,490971
2015-09-14,18.4500,18.6600,18.2400,18.2800,372010
2015-09-11,18.2200,18.5100,18.0000,18.4500,364018
2015-09-10,18.0100,18.4200,17.9545,18.3000,730073
2015-09-09,18.1500,18.4800,18.0400,18.0700,763585
2015-09-08,17.4300,18.1100,17.3100,17.9500,777020
2015-09-04,17.1300,17.3600,17.0500,17.0900,672448
2015-09-03,17.3000,17.7200,17.2650,17.4000,788951
2015-09-02,17.0900,17.2400,16.8400,17.2300,866915
2015-09-01,16.8300,17.2800,16.8000,16.8800,827874
2015-08-31,17.3400,17.7200,17.1700,17.2100,1408638
2015-08-28,17.4500,17.5800,16.8700,17.3700,970946
2015-08-27,17.1500,17.7800,17.0100,17.4900,1453285
2015-08-26,17.2400,17.3900,16.6500,17.1200,2027247
2015-08-25,18.5600,18.6700,16.7500,16.8600,1544441
2015-08-24,18.5200,18.9750,17.9400,18.0000,1414202
2015-08-21,19.0600,19.5200,18.6300,19.4100,1216500
2015-08-20,20.4100,20.4900,19.8000,19.8300,490530
2015-08-19,20.4700,20.8700,20.1700,20.7000,619747
2015-08-18,20.1400,20.9400,20.0800,20.5300,949894
2015-08-17,19.2800,20.3100,19.2800,20.2100,1057312
2015-08-14,19.2400,19.4400,18.9400,19.3200,331979
2015-08-13,19.5900,19.6900,19.2400,19.3000,702568
2015-08-12,19.3100,19.6800,18.7800,19.5200,623477
2015-08-11,19.5400,19.8100,19.3300,19.4700,388959
2015-08-10,19.1700,20.0000,18.9700,19.6600,819853
2015-08-07,18.8800,19.3700,18.6400,18.8000,470382
2015-08-06,19.5000,19.6100,18.9700,19.0200,804033
2015-08-05,19.5000,19.6700,19.2600,19.4400,1020259
2015-08-04,19.8600,20.2000,19.2600,19.3900,1239821
2015-08-03,19.7400,20.1100,19.5300,20.0600,1316341
2015-07-31,19.2500,20.4000,19.1000,19.7000,3455997
2015-07-30,17.4900,18.0800,17.2150,17.9000,747174
2015-07-29,17.7600,17.8100,17.5400,17.5800,423981
2015-07-28,17.8000,17.9525,17.3500,17.7400,395855
2015-07-27,17.5300,17.8800,17.2800,17.7300,491427
2015-07-24,17.9500,18.0800,17.2600,17.6600,558035
2015-07-23,17.4100,18.3900,17.4100,17.9700,693516
2015-07-22,17.2800,17.3500,16.9900,17.0800,304945
2015-07-21,16.7500,17.7300,16.6501,17.2800,882659
2015-07-20,16.3900,16.8500,16.1300,16.7100,653811
2015-07-17,17.5600,17.5900,16.3000,16.4000,1758889
2015-07-16,17.5400,17.6600,17.3000,17.5300,438228
2015-07-15,17.5400,17.6900,17.1700,17.3800,470092
2015-07-14,17.5300,17.7100,17.4600,17.5100,652505
2015-07-13,17.8100,17.8800,17.4600,17.5200,596285
2015-07-10,17.2700,17.9200,17.2700,17.7000,578773
2015-07-09,16.9400,17.3200,16.8700,17.0800,506281
2015-07-08,16.8800,17.0300,16.5300,16.7200,437007
2015-07-07,17.5900,17.5900,16.6600,17.0500,689526
2015-07-06,17.5300,17.7200,17.3300,17.5100,822317
2015-07-02,18.1500,18.1900,17.3900,17.6200,508606
2015-07-01,18.6000,18.6700,17.9900,18.1200,663836
2015-06-30,18.1200,18.5300,17.8900,18.4900,479831
2015-06-29,18.8600,19.0000,17.8400,17.9600,572193
2015-06-26,19.4500,19.5000,18.7300,19.0300,2526299
2015-06-25,19.3400,19.6000,19.2500,19.4100,818265
2015-06-24,19.2800,19.3600,18.9500,19.0900,530313
2015-06-23,19.2600,19.4000,19.0600,19.2800,570712
2015-06-22,19.3400,19.4300,18.8950,19.2600,638701
2015-06-19,19.5000,19.5100,18.8300,19.2700,1155782
2015-06-18,19.2900,19.5100,19.0500,19.3500,651689
2015-06-17,19.1300,19.2100,18.9100,19.2000,545282
2015-06-16,18.8300,19.0900,18.4400,19.0500,737076
2015-06-15,18.4000,18.9700,17.9200,18.8500,745151
2015-06-12,17.7400,18.3000,17.7400,18.0300,524130
2015-06-11,18.0800,18.2800,17.7090,17.7600,447636
2015-06-10,17.8500,18.1150,17.7200,17.9900,604838
2015-06-09,17.7500,17.8700,17.6000,17.8200,495731
2015-06-08,17.6100,17.9000,17.6000,17.7800,497558
2015-06-05,17.6900,17.9200,17.3800,17.8600,279616
2015-06-04,17.7900,17.8500,17.4600,17.6700,261501
2015-06-03,17.3700,17.9300,17.2545,17.8100,469950
2015-06-02,17.2800,17.5000,17.1600,17.3500,226532
2015-06-01,17.1900,17.6000,16.9100,17.3100,539314
2015-05-29,17.0000,17.2300,16.7600,17.0900,617054
2015-05-28,16.9300,17.0700,16.8300,17.0400,267773
2015-05-27,16.9800,17.0500,16.8000,17.0000,272606
2015-05-26,16.8800,17.0100,16.7700,16.9700,280335
2015-05-22,16.8800,16.9600,16.7350,16.9100,307448
2015-05-21,16.9900,17.2000,16.9100,16.9200,498426
2015-05-20,17.1900,17.3200,17.1100,17.2100,283967
2015-05-19,17.1200,17.2200,17.0600,17.1900,384938
2015-05-18,16.9400,17.2300,16.9400,17.1300,467544
2015-05-15,16.9400,17.0700,16.7600,16.9300,201107
2015-05-14,17.0000,17.1125,16.8800,16.9100,373336
2015-05-13,17.1200,17.2000,16.7900,16.9700,358115
2015-05-12,17.0000,17.1900,16.9100,17.1800,316412
2015-05-11,17.0500,17.1900,16.9800,17.0900,159563
2015-05-08,17.1300,17.1960,16.9400,17.0400,283763
2015-05-07,16.6600,17.1700,16.6500,16.9800,391273
2015-05-06,17.1300,17.1960,16.4300,16.7100,822166
2015-05-05,17.2500,17.4200,17.0100,17.1400,893066
2015-05-04,17.1800,17.4200,17.1300,17.3100,553389
2015-05-01,17.3000,17.5800,16.9982,17.1300,692594
2015-04-30,17.5300,17.6540,16.8950,17.2300,660450
2015-04-29,16.9600,17.9500,16.2900,17.6400,1393689
2015-04-28,16.6300,17.1000,16.5852,17.0900,444036
2015-04-27,17.1200,17.2200,16.4800,16.6000,514635
2015-04-24,17.2300,17.2700,17.0100,17.0300,298629
2015-04-23,16.8100,17.3500,16.7450,17.1900,254682
2015-04-22,16.9300,17.0308,16.5700,16.8100,161827
2015-04-21,16.9200,17.0900,16.8100,16.9500,279807
2015-04-20,16.6700,17.0100,16.6200,16.9000,240284
2015-04-17,16.8900,16.8900,16.2500,16.6100,465948
2015-04-16,17.0300,17.3000,17.0000,17.0700,418675
2015-04-15,17.0800,17.0900,16.9820,17.0500,394488
2015-04-14,16.9400,17.1200,16.7350,16.9900,343864
2015-04-13,16.6300,16.9900,16.6100,16.9800,388411
2015-04-10,16.5200,16.7400,16.5000,16.6100,201335
2015-04-09,16.0200,16.6700,16.0200,16.4900,969544
2015-04-08,15.9300,16.0300,15.7600,15.9700,277865
2015-04-07,15.9100,16.4900,15.8000,15.9200,1043612
2015-04-06,15.7600,16.0800,15.6100,15.8900,341850
2015-04-02,15.3200,15.9600,15.2800,15.8700,571233
2015-04-01,15.3400,15.4200,15.0200,15.3500,299757
2015-03-31,15.3200,15.5200,15.1700,15.3300,245473
2015-03-30,15.5000,15.5300,14.8700,15.4300,314995
2015-03-27,15.0400,15.4400,14.9000,15.4300,274218
2015-03-26,15.1400,15.2350,14.8600,15.0600,266414
2015-03-25,15.6000,15.6000,15.1300,15.1800,376024
2015-03-24,15.5200,15.6400,15.4300,15.5300,739591
2015-03-23,15.6500,15.7300,15.4500,15.5300,160166
2015-03-20,15.7400,15.7800,15.3900,15.6800,971143
2015-03-19,15.4900,15.7500,15.4800,15.6900,214219
2015-03-18,15.5700,15.6640,15.2909,15.6000,202568
2015-03-17,15.4800,15.8300,15.4800,15.6400,269390
2015-03-16,15.8100,15.8100,15.1600,15.5800,314276
2015-03-13,15.8200,16.0000,15.5200,15.7500,364739
2015-03-12,15.6500,15.8550,15.4900,15.8300,449327
2015-03-11,15.0200,15.6500,15.0200,15.5700,605314
2015-03-10,14.5100,14.9800,14.4200,14.9700,412186
2015-03-09,15.1300,15.3000,14.6300,14.7200,340661
2015-03-06,15.4400,15.7400,15.0800,15.0900,356151
2015-03-05,15.7900,15.8200,15.1600,15.5900,618271
2015-03-04,15.9800,15.9800,15.7500,15.7900,248989
2015-03-03,15.9200,16.0500,15.8400,15.9800,560490
2015-03-02,15.7200,16.0000,15.6100,15.9500,509210
2015-02-27,15.6500,15.9700,15.6000,15.7700,763722
2015-02-26,15.3100,15.7300,15.2900,15.7100,371032
2015-02-25,15.5500,15.7500,15.1600,15.3200,504859
2015-02-24,15.6700,15.7200,15.3800,15.5600,489415
2015-02-23,16.0400,16.1150,15.5400,15.6700,582204
2015-02-20,16.2900,16.3400,16.0000,16.2900,463470
2015-02-19,16.0000,16.3400,15.9500,16.3200,656572
2015-02-18,15.7000,16.0400,15.7000,16.0200,289652
2015-02-17,16.0100,16.0260,15.6200,15.7100,289288
2015-02-13,16.0200,16.0700,15.6400,16.0400,517692
2015-02-12,16.1700,16.3000,15.9700,16.0400,588832
2015-02-11,16.2000,16.5000,15.5950,16.0000,797010
2015-02-10,15.1000,16.2390,15.0100,16.1700,1710768
2015-02-09,14.9600,15.2380,14.7600,15.0300,406043
2015-02-06,15.1400,15.2300,14.8500,15.0100,752171
2015-02-05,15.2800,15.4700,14.5000,15.1700,893989
2015-02-04,14.4000,15.2500,13.9200,15.2100,1783735
2015-02-03,14.0700,14.5500,13.5100,14.0500,1002695
2015-02-02,13.5500,14.1400,13.5150,14.0400,509024
2015-01-30,13.7000,13.8850,13.3200,13.5000,389659
2015-01-29,13.5700,13.8900,13.4300,13.7700,256754
2015-01-28,13.8100,13.9400,13.4200,13.5700,325581
2015-01-27,13.3800,13.8000,13.3100,13.7100,198807
2015-01-26,13.7800,13.9900,13.4700,13.5600,235451
2015-01-23,13.8500,14.0760,13.6300,13.8000,408398
2015-01-22,13.5900,13.9100,13.3000,13.8400,734225
2015-01-21,13.7000,13.9200,13.4900,13.5000,263129
2015-01-20,14.3400,14.3700,13.7400,13.8000,458444
2015-01-16,14.3600,14.7300,14.2600,14.3000,714924
2015-01-15,14.9400,14.9400,14.2100,14.4100,262355
2015-01-14,14.5900,14.9100,14.4200,14.8600,275397
2015-01-13,14.7900,15.0200,14.4900,14.8000,506581
2015-01-12,14.7400,14.8200,14.6300,14.7500,409902
2015-01-09,14.4400,14.7300,14.3000,14.7100,333042
2015-01-08,14.4100,14.5000,14.1550,14.4300,170225
2015-01-07,14.1100,14.2700,14.0200,14.2500,237868
2015-01-06,14.3500,14.4500,13.7800,14.0200,376138
2015-01-05,14.6200,14.6200,14.1900,14.3200,440379
2015-01-02,14.9900,14.9900,14.3000,14.7300,244594
2014-12-31,14.9200,14.9500,14.6300,14.9200,212133
2014-12-30,14.7800,15.0560,14.7150,14.8300,273101
2014-12-29,14.6500,14.9000,14.6000,14.9000,506621
2014-12-26,14.7000,14.7000,14.4550,14.6500,169975
2014-12-24,14.4800,14.6500,14.3600,14.6300,63600
2014-12-23,14.5800,14.6500,14.4000,14.4300,329536
2014-12-22,14.2900,14.5000,14.2800,14.4900,212842
2014-12-19,14.3500,14.4200,14.1500,14.2700,653027
2014-12-18,14.0000,14.3900,13.9200,14.3500,802940
2014-12-17,13.4500,13.9400,13.3910,13.8100,594404
2014-12-16,13.4400,13.6500,13.3200,13.4300,397550
2014-12-15,13.4700,13.7700,13.3000,13.5200,381522
2014-12-12,13.2300,13.6200,13.2101,13.4300,239241
2014-12-11,13.4200,13.7500,13.2300,13.4400,633156
2014-12-10,13.3000,13.5600,13.2884,13.3400,412713
2014-12-09,12.5900,13.4800,12.3200,13.3500,423740
2014-12-08,12.8800,13.2500,12.7100,12.7800,412536
2014-12-05,12.8100,13.0900,12.7000,12.9100,429498
2014-12-04,12.5200,12.9000,12.3750,12.7700,735205
2014-12-03,12.2800,12.5800,12.1600,12.5400,371751
2014-12-02,12.1800,12.2700,11.9300,12.2500,426521
2014-12-01,12.5400,12.5400,11.9800,12.2000,532836
2014-11-28,12.7200,12.7500,12.1900,12.5800,232059
2014-11-26,12.9400,12.9400,12.6300,12.7500,480916
2014-11-25,12.2800,12.9200,12.1500,12.8900,1324355
2014-11-24,12.0500,12.3800,12.0000,12.3000,436142
2014-11-21,11.8500,12.3300,11.8500,12.0000,669116
2014-11-20,11.3200,11.6200,11.2825,11.5800,240278
2014-11-19,11.5400,11.7200,11.1900,11.4000,431078
2014-11-18,11.8000,11.9700,11.3200,11.5500,603650
2014-11-17,12.5400,12.5400,11.6300,11.7900,437450
2014-11-14,12.1800,12.6400,12.0000,12.6000,455765
2014-11-13,12.3900,12.5200,12.0700,12.1800,831238
2014-11-12,12.2600,12.4800,12.2000,12.3900,358722
2014-11-11,12.5400,12.6600,12.1000,12.3500,606158
2014-11-10,12.4100,12.5300,12.3600,12.4000,276601
2014-11-07,12.3200,12.5900,12.2200,12.4100,386001
2014-11-06,12.5800,12.7600,12.3300,12.3700,249716
2014-11-05,12.7600,12.9000,12.4800,12.5500,314434
2014-11-04,12.3200,12.7050,12.2520,12.5900,565695
2014-11-03,13.0000,13.0000,12.2500,12.3400,765798
2014-10-31,12.6300,13.1900,12.3200,13.1400,777045
2014-10-30,12.3900,12.5200,12.0700,12.1800,1100440
2014-10-29,12.3000,12.4200,11.8200,12.3700,697179
2014-10-28,11.8800,12.4000,11.6200,12.2900,471001
2014-10-27,11.1100,11.8200,10.8700,11.7700,483889
2014-10-24,11.5600,11.7100,11.0500,11.2500,450908
2014-10-23,11.1200,11.7750,11.0000,11.5000,825028
2014-10-22,11.3100,11.3500,10.8400,10.9500,273356
2014-10-21,11.5700,11.5700,11.0700,11.3000,410103
2014-10-20,11.3000,11.5500,11.2000,11.5000,226742
2014-10-17,11.8200,11.8400,11.2600,11.3100,380256
2014-10-16,11.0900,11.9600,10.9100,11.6700,592570
2014-10-15,10.3500,11.3100,10.2500,11.2900,473042
2014-10-14,10.2600,10.6700,10.2500,10.5100,379837
2014-10-13,10.7000,10.7700,10.0200,10.1700,535541
2014-10-10,11.1500,11.4900,10.6450,10.7000,567519
2014-10-09,11.7000,11.7400,10.3900,11.2500,1729358
2014-10-08,11.8800,12.2400,11.6000,12.1000,514734
2014-10-07,11.9000,12.3300,11.7000,11.8700,476830
2014-10-06,12.6900,12.7200,11.9100,11.9600,346812
2014-10-03,12.9100,13.0200,12.6300,12.6600,243627
2014-10-02,12.5800,12.8400,11.9700,12.7200,410204
2014-10-01,12.6900,12.7800,12.4800,12.6000,625227
2014-09-30,12.6200,12.8000,12.5100,12.7100,451587
2014-09-29,11.9200,12.6700,11.8801,12.6500,495710
2014-09-26,12.0100,12.1700,11.5300,12.1200,744624
2014-09-25,12.1200,12.1700,11.5500,11.9700,550809
2014-09-24,12.1900,12.3900,12.0500,12.1800,260204
2014-09-23,12.2400,12.4900,11.9400,12.1700,509295
2014-09-22,13.1700,13.2000,12.3400,12.3700,581109
2014-09-19,13.7100,14.0000,13.2300,13.2900,877900
2014-09-18,13.5000,13.7100,13.4601,13.6100,264900
2014-09-17,13.3200,13.6000,13.3200,13.4400,210600
2014-09-16,13.2400,13.4600,13.0400,13.3500,255100
2014-09-15,13.5000,13.5700,13.1400,13.2900,360100
2014-09-12,14.1800,14.2000,13.3800,13.5400,463500
2014-09-11,13.6600,14.2500,13.6100,14.1800,464400
2014-09-10,13.5000,13.9300,13.4300,13.8100,340800
2014-09-09,13.8500,13.8500,13.2800,13.4500,259900
2014-09-08,13.1300,13.9600,13.1300,13.9000,654300
2014-09-05,13.1700,13.4000,12.7700,13.2300,668600
2014-09-04,13.2600,13.5500,13.0100,13.1500,562200
2014-09-03,13.5500,13.8800,13.0800,13.1700,431800
2014-09-02,13.4900,13.7000,13.1600,13.4400,325800
2014-08-29,13.0900,13.4900,13.0800,13.4300,337100
2014-08-28,13.0000,13.2700,12.9600,13.1100,179700
2014-08-27,13.1300,13.3000,12.8500,13.0800,400800
2014-08-26,13.2000,13.4800,12.7500,13.4500,414000
2014-08-25,13.3700,13.6400,13.1500,13.2300,256100
2014-08-22,13.2200,13.3800,13.0000,13.2500,315600
2014-08-21,13.4000,13.5000,13.2100,13.3100,330900
2014-08-20,13.6800,13.8300,13.3700,13.4900,198400
2014-08-19,13.6000,13.8400,13.5400,13.7700,210700
2014-08-18,13.7200,13.7400,13.3900,13.6100,228200
2014-08-15,13.7900,13.7900,13.3000,13.5400,390400
2014-08-14,13.6300,13.7900,13.4200,13.6500,266200
2014-08-13,14.2400,14.3200,13.3000,13.6100,881400
2014-08-12,14.2600,14.2600,13.9800,14.1400,301400
2014-08-11,14.1700,14.3600,14.0800,14.3200,352600
2014-08-08,14.1400,14.2400,13.7850,14.0300,671200
2014-08-07,14.7500,14.7500,14.1500,14.2500,357300
2014-08-06,14.6600,14.6600,14.1300,14.4800,747300
2014-08-05,13.7500,15.2800,13.5850,14.6600,2740900
2014-08-04,14.4500,14.4500,13.4200,13.7900,857600
2014-08-01,14.8500,14.8700,14.0500,14.4300,610400
2014-07-31,15.0600,15.4900,14.9000,14.9300,434000
2014-07-30,14.9000,15.8000,14.6900,15.1000,1899100
2014-07-29,12.8900,12.9400,12.6400,12.7000,686800
2014-07-28,13.6500,13.6500,12.4500,12.8000,557700
2014-07-25,14.4600,14.5500,13.5100,13.6100,409500
2014-07-24,13.9900,15.1300,13.9900,14.6300,454300
2014-07-23,14.0800,14.1700,13.8450,13.9400,201900
2014-07-22,13.5900,14.1100,13.5250,13.9800,441100
2014-07-21,13.5800,14.0500,13.4400,13.4900,389300
2014-07-18,13.9800,14.2200,13.6000,13.6600,630900
2014-07-17,13.9800,14.2200,13.6000,13.6600,473600
2014-07-16,15.0300,15.0300,14.7100,14.7400,484500
2014-07-15,15.0600,15.0700,14.7500,14.8700,370500
2014-07-14,14.8900,15.1200,14.8100,15.0900,280300
2014-07-11,14.4400,14.8300,14.4400,14.7500,279200
2014-07-10,14.2800,14.9300,14.1900,14.5000,265500
2014-07-09,14.5100,14.9900,14.4150,14.8300,461300
2014-07-08,14.8700,14.9500,14.1900,14.5100,571900
2014-07-07,15.4400,15.5400,14.8700,14.9100,297100
2014-07-03,15.4400,15.5700,15.3300,15.4700,226600
2014-07-02,15.6200,15.7500,15.1300,15.3200,475700
2014-07-01,15.1100,15.7800,15.0800,15.5600,621200
2014-06-30,15.0400,15.3200,14.5300,15.1300,404600
2014-06-27,14.9100,15.3300,14.8100,15.0500,1830600
2014-06-26,14.8500,15.0000,14.6600,14.9900,336900
2014-06-25,14.4200,14.8700,14.3500,14.8100,261900
2014-06-24,14.4200,14.7500,14.2800,14.5700,386900
2014-06-23,14.6300,14.7300,14.1300,14.5000,527700
2014-06-20,14.6000,14.7500,14.2200,14.6600,938000
2014-06-19,14.4800,14.6000,14.2250,14.5400,484900
2014-06-18,14.4300,14.5300,14.0200,14.4300,394900
2014-06-17,13.5000,14.6000,13.4900,14.5000,721000
2014-06-16,13.2400,13.7700,13.1700,13.5400,529300
2014-06-13,13.5100,13.5100,13.0800,13.3000,279600
2014-06-12,13.2800,13.8800,13.0500,13.4800,547700
2014-06-11,13.0100,13.5700,12.8600,13.2900,585400
2014-06-10,12.6900,13.1800,12.6300,13.0800,844200
2014-06-09,12.3600,12.8000,12.2800,12.7100,951200
2014-06-06,12.2000,12.9700,12.0200,12.7400,932800
2014-06-05,11.8900,12.1900,11.3400,12.1300,1183600
2014-06-04,11.6000,12.5500,11.4600,12.1600,889200
2014-06-03,11.7900,12.0500,11.6000,11.7200,354500
2014-06-02,12.1700,12.1700,11.3300,11.9400,610100
2014-05-30,12.4800,12.4800,11.8100,12.1700,444200
2014-05-29,12.4800,12.6200,12.2100,12.5400,263500
2014-05-28,12.3700,12.5300,12.0300,12.3900,386600
2014-05-27,12.3800,12.8839,12.1700,12.5900,521800
2014-05-23,12.2500,12.4500,12.0550,12.2300,743400
2014-05-22,12.5100,12.7450,12.2000,12.2100,639200
2014-05-21,12.5800,12.9100,12.4400,12.5100,449200
2014-05-20,12.5100,12.6050,12.2500,12.5800,414500
2014-05-19,12.3400,13.1800,12.1750,12.5400,524700
2014-05-16,12.4900,12.6900,12.1300,12.3000,426000
2014-05-15,12.4300,12.6900,11.9850,12.5200,646200
2014-05-14,12.9900,12.9900,12.4100,12.5000,547800
2014-05-13,13.6800,14.0000,12.8700,13.0000,859100
2014-05-12,13.4600,14.0800,13.4000,13.7900,418000
2014-05-09,14.0100,14.1500,13.3800,13.4300,540600
2014-05-08,15.0400,15.1999,13.9800,14.0100,799800
2014-05-07,15.5900,15.8400,14.7200,15.0700,1097800
2014-05-06,15.9600,16.2400,15.3710,15.6100,559400
2014-05-05,15.5800,16.7300,15.5200,16.0000,748000
2014-05-02,16.0600,16.3300,15.5700,16.1400,878000
2014-05-01,15.0700,16.6900,15.0700,16.2200,1664300
2014-04-30,15.0000,15.7100,12.9000,15.1600,2166000
2014-04-29,14.2600,14.7250,14.0100,14.5200,615700
2014-04-28,14.7500,15.1000,14.0600,14.1100,418800
2014-04-25,15.4300,15.4300,13.8900,14.5900,621800
2014-04-24,16.4800,16.4899,15.5100,15.6500,144500
2014-04-23,16.6800,16.7100,16.1300,16.2200,170100
2014-04-22,16.0900,16.8800,15.7700,16.6700,283200
2014-04-21,16.4200,16.6000,16.0000,16.2100,154000
2014-04-17,16.4900,16.6500,16.0200,16.3600,224000
2014-04-16,16.2200,16.8790,16.0000,16.5200,306200
2014-04-15,15.8100,16.0900,14.9500,16.0500,430800
2014-04-14,15.8600,16.0200,15.0200,15.7700,361100
2014-04-11,16.0300,16.2700,15.4200,15.6500,429300
2014-04-10,17.7500,17.7500,16.1500,16.2200,448600
2014-04-09,16.9700,18.2500,16.5300,17.7900,473000
2014-04-08,17.0000,17.4000,16.3100,16.8800,340700
2014-04-07,17.3300,17.3300,15.7900,16.4400,717400
2014-04-04,18.2500,18.3000,17.2000,17.5300,326900
2014-04-03,18.3800,18.5400,17.8600,18.0000,236800
2014-04-02,18.5200,18.6100,17.9880,18.4100,191200
2014-04-01,18.2600,18.8700,17.9526,18.4100,292800
2014-03-31,18.0800,18.5000,17.8000,18.1000,446300
2014-03-28,17.9300,18.3700,17.5400,17.9100,419800
2014-03-27,19.2300,19.8100,17.8800,17.9100,663400
2014-03-26,21.0900,21.1800,18.8600,19.0300,540400
2014-03-25,21.2300,21.8300,20.7700,20.9100,314900
2014-03-24,21.4900,21.4900,19.9400,21.0900,320600
2014-03-21,21.7800,21.9200,21.2600,21.4800,175100
2014-03-20,21.7300,21.7900,21.2200,21.5700,148700
2014-03-19,21.9100,22.1000,21.1900,21.8300,200500
2014-03-18,20.3400,21.8000,20.3400,21.7900,184700
2014-03-17,21.7500,21.7500,21.0100,21.1300,130600
2014-03-14,20.2700,20.8700,20.1400,20.6000,233800
2014-03-13,21.0600,21.0600,19.8000,20.4900,416300
2014-03-12,21.0000,21.3100,20.4500,20.9000,323000
2014-03-11,22.1200,22.1300,21.1900,21.2900,526900
2014-03-10,21.5100,22.2200,21.5000,22.1100,191100
2014-03-07,21.9400,22.2900,21.5000,21.5300,438700
2014-03-06,21.8500,23.0500,21.5000,21.8500,3400000
2014-03-05,21.8500,23.4100,21.8450,22.0500,381400
2014-03-04,22.1800,22.2900,20.9700,21.6800,155700
2014-03-03,21.4300,22.2300,20.1500,22.0800,168700
2014-02-28,23.5800,23.6100,21.3800,21.6500,235100
2014-02-27,22.0500,23.6500,21.9000,23.5200,145000
2014-02-26,21.9500,22.1900,21.3510,22.1200,48200
2014-02-25,21.9700,22.1489,21.5044,21.8600,45000
2014-02-24,22.6590,22.6590,21.7500,21.9100,96600
2014-02-21,22.9500,22.9500,22.3600,22.5600,106200
2014-02-20,21.9700,23.5200,21.6340,22.8000,148600
2014-02-19,22.1700,22.2600,21.7600,21.8800,77100
2014-02-18,21.7900,22.4100,21.4720,22.2900,119200
2014-02-14,21.9200,21.9200,20.7100,21.7400,155300
2014-02-13,21.2900,22.3800,21.2300,21.9000,361300
2014-02-12,20.9800,21.5000,20.5100,21.3500,185000
2014-02-11,21.2400,21.5900,20.4912,20.8800,195700
2014-02-10,20.2600,21.3900,20.2060,21.1100,344300
2014-02-07,17.7500,20.5000,17.7500,20.2600,435500
2014-02-06,17.6400,18.2140,17.4200,18.1200,191300
2014-02-05,17.6600,18.4000,17.3900,17.6400,160400
2014-02-04,17.7000,18.1800,17.5300,17.7900,116400
2014-02-03,18.1600,18.2900,17.4300,17.8100,92700
2014-01-31,18.2200,18.4300,18.0300,18.2500,271700
2014-01-30,18.0540,18.8300,18.0300,18.5200,137100
2014-01-29,18.2600,18.3500,17.7800,18.0100,149700
2014-01-28,17.8700,18.6200,17.8600,18.3800,102100
2014-01-27,18.0700,18.1900,17.5000,17.9200,99000
2014-01-24,18.9300,18.9300,17.4510,18.0400,361200
2014-01-23,19.1400,19.5000,18.6800,19.0300,236000
2014-01-22,18.9700,19.3700,18.8500,19.1900,188600
2014-01-21,18.7500,19.0200,18.3800,18.9000,168400
2014-01-17,18.9500,19.2500,18.4800,18.6600,145700
2014-01-16,19.2500,19.7300,18.6500,19.0300,149500
2014-01-15,18.6700,19.2500,18.6700,19.2200,185300
2014-01-14,18.5700,18.9400,18.2800,18.7300,119700
2014-01-13,18.8800,18.9996,18.3400,18.4200,80500
2014-01-10,18.7400,18.9000,18.3200,18.8400,122000
2014-01-09,18.9400,19.0000,18.1500,18.8000,157800
2014-01-08,18.1800,18.9600,17.7700,18.9400,177900
2014-01-07,17.4500,18.1600,17.2600,18.1200,231000
2014-01-06,18.0000,18.0000,17.2500,17.4500,150200
2014-01-03,17.7300,18.0000,17.5220,17.9800,67600
2014-01-02,18.2700,18.2700,17.6100,17.8400,195900
2013-12-31,18.4000,18.5700,18.2000,18.3700,57500
2013-12-30,18.5100,18.5260,18.1505,18.3100,88500
2013-12-27,18.0000,18.5200,17.6600,18.4200,109100
2013-12-26,18.1800,18.4100,17.7000,18.0300,104000
2013-12-24,18.2100,18.4200,17.8300,18.1800,46000
2013-12-23,17.5300,18.3500,17.5100,18.2500,153300
2013-12-20,17.7800,17.8250,17.1200,17.6300,1051200
2013-12-19,17.6000,17.9000,17.6000,17.7800,137500
2013-12-18,17.2100,17.8700,17.0700,17.7800,203700
2013-12-17,17.4300,17.4300,16.7042,17.2700,272100
2013-12-16,17.4500,17.6000,17.2900,17.3200,197200
2013-12-13,17.2900,17.4400,17.2200,17.4300,112800
2013-12-12,17.2800,17.3400,17.2000,17.2900,113000
2013-12-11,17.1200,17.3500,16.9600,17.2800,152600
2013-12-10,17.3100,17.5000,17.0203,17.1600,130600
2013-12-09,17.1900,17.5400,16.9125,17.2700,74600
2013-12-06,17.0000,17.2700,16.6800,17.0400,94600
2013-12-05,15.9100,17.0700,15.7500,16.8500,290400
2013-12-04,16.0900,16.4340,15.8600,15.8600,104800
2013-12-03,15.8000,16.5000,15.7500,16.1400,175100
2013-12-02,15.8200,15.9100,15.7500,15.8300,89800
2013-11-29,16.0600,16.0600,15.8500,15.8700,23700
2013-11-27,16.0000,16.0000,15.8301,15.9700,77300
2013-11-26,16.1200,16.2444,15.7500,15.9400,160800
2013-11-25,16.4900,16.5000,16.0000,16.1000,3800
2013-11-22,16.5000,16.6000,16.3000,16.4600,66900
2013-11-21,16.5800,16.7200,16.4600,16.4700,76500
2013-11-20,16.4800,17.1090,16.2700,16.5700,90100
2013-11-19,16.3800,16.6040,16.2700,16.3500,190800
2013-11-18,16.4100,16.6500,16.0000,16.4300,124200
2013-11-15,16.8200,16.8200,16.3400,16.4700,153300
2013-11-14,16.9800,17.2000,16.6300,16.6400,124000
2013-11-13,17.3000,17.5307,16.8700,16.9800,56400
2013-11-12,17.6800,17.6800,17.1200,17.2900,37100
2013-11-11,17.6000,17.6000,17.1500,17.5200,85400
2013-11-08,17.8900,17.9459,16.6400,17.5100,331800
2013-11-07,18.7300,18.8400,17.6200,18.0400,95200
2013-11-06,19.2500,19.8000,18.3700,18.7100,152800
2013-11-05,18.6900,19.3399,18.5800,19.1000,172800
2013-11-04,19.0300,19.0300,18.6301,18.7200,60000
2013-11-01,18.9700,19.2900,18.6250,18.8300,80000
2013-10-31,18.4800,19.3700,18.2500,19.2600,131900
2013-10-30,18.7500,18.7500,18.4100,18.6000,53400
2013-10-29,18.9100,18.9100,18.5210,18.6400,101100
2013-10-28,18.5200,18.9800,18.4300,18.8900,147700
2013-10-25,19.0000,19.0035,18.5300,18.5500,56500
2013-10-24,18.2600,19.2000,17.9300,18.8700,86300
2013-10-23,18.7600,18.7600,18.2002,18.4100,102300
2013-10-22,19.3700,19.3700,18.3900,18.6000,203300
2013-10-21,18.2500,19.0500,18.1000,19.0000,97000
2013-10-18,17.4600,18.5400,17.4600,18.5400,105000
2013-10-17,17.9500,17.9500,17.4100,17.5900,49300
2013-10-16,18.1200,18.2500,17.5000,17.7200,72400
2013-10-15,17.9900,18.0100,17.6000,17.9000,161400
2013-10-14,17.0800,17.7400,16.7200,17.4600,81900
2013-10-11,16.6400,17.1800,16.5300,16.9800,113700
2013-10-10,16.8300,17.2000,16.6500,16.9000,129100
2013-10-09,17.6500,17.6500,16.1100,16.5100,219500
2013-10-08,18.4000,18.4237,17.1000,17.1100,202900
2013-10-07,17.8300,18.3700,17.8100,18.3000,131400
2013-10-04,17.1600,17.7500,16.9000,17.6900,215900
2013-10-03,16.8200,17.5400,16.5200,16.9100,145600
2013-10-02,17.1900,17.2800,16.3000,17.0000,840800
2013-10-01,18.2900,18.2900,16.7000,17.0800,610500
2013-09-30,17.9800,18.4401,17.5700,18.0200,774900
2013-09-27,17.2500,19.4000,17.1000,18.2000,8127600
